gene,ensembl_id,drug_id,drug_name,disease_id,disease_name,phase,mechanism_of_action
NFE2L2,ENSG00000116044,CHEMBL1762621,BARDOXOLONE METHYL,MONDO_0005854;MONDO_0015924;MONDO_0005149;MONDO_0005016;MONDO_0005300;MONDO_0004691;MONDO_0018965;MONDO_0005105;MONDO_0005016;MONDO_0005148;MONDO_0005148;MONDO_0005300;MONDO_0015924;MONDO_0005342;MONDO_0100313;MONDO_0100096;MONDO_0005154;MONDO_0005157;MONDO_0005070;MONDO_0005192;HP_0001513,mixed connective tissue disease;pulmonary arterial hypertension;pulmonary hypertension;diabetic kidney disease;chronic kidney disease;autosomal dominant polycystic kidney disease;Alport syndrome;melanoma;diabetic kidney disease;type 2 diabetes mellitus;type 2 diabetes mellitus;chronic kidney disease;pulmonary arterial hypertension;IgA glomerulonephritis;focal segmental glomerulosclerosis;COVID-19;liver disorder;lymphoid neoplasm;neoplasm;exocrine pancreatic carcinoma;Obesity,PHASE_3,
NFE2L2,ENSG00000116044,CHEMBL4303525,OMAVELOXOLONE,MONDO_0100339;MONDO_0100339;MONDO_0005233;HP_0200026;Orphanet_206966;MONDO_0005105;MONDO_0005105;MONDO_0002025;HP_0002015,Friedreich ataxia;Friedreich ataxia;non-small cell lung carcinoma;Ocular pain;Mitochondrial myopathy;melanoma;melanoma;psychiatric disorder;Dysphagia,APPROVAL,
TMEM173,ENSG00000184584,CHEMBL4297688,ADU-S100,MONDO_0005627;MONDO_0010150;MONDO_0005062,head and neck cancer;head and neck squamous cell carcinoma;lymphoma,PHASE_2,
MTOR,ENSG00000198793,CHEMBL75880,PERHEXILINE,MONDO_0004995;EFO_0003913;EFO_0003896;MONDO_0005045;MONDO_0005252;MONDO_0005015,cardiovascular disorder;angina pectoris;left ventricular hypertrophy;hypertrophic cardiomyopathy;heart failure;diabetes mellitus,APPROVAL,
MTOR,ENSG00000198793,CHEMBL3545248,DS-7423,MONDO_0005575;MONDO_0011962,colorectal cancer;endometrial cancer,PHASE_1,
MTOR,ENSG00000198793,CHEMBL3586573,CC-115,MONDO_0018177;MONDO_0009693;MONDO_0018908;MONDO_0004948;MONDO_0004948;MONDO_0008315,glioblastoma;plasma cell myeloma;non-Hodgkin lymphoma;B-cell chronic lymphocytic leukemia;B-cell chronic lymphocytic leukemia;prostate cancer,PHASE_2,
MTOR,ENSG00000198793,CHEMBL592445,GEDATOLISIB,MONDO_0007254;MONDO_0011962;MONDO_0005575;MONDO_0018881;MONDO_0005170;MONDO_0018874;MONDO_0004992;MONDO_0002447;MONDO_0024331;MONDO_0005233;MONDO_0005494;MONDO_0008315;MONDO_0004992;MONDO_0008170;MONDO_0018177;MONDO_0005206;MONDO_0009831;MONDO_0005233;MONDO_0005494;MONDO_0005627;MONDO_0008433;MONDO_0005097;MONDO_0005192;MONDO_0005070,breast cancer;endometrial cancer;colorectal cancer;myelodysplastic syndrome;myeloid neoplasm;acute myeloid leukemia;cancer;endometrial carcinoma;colorectal carcinoma;non-small cell lung carcinoma;triple-negative breast carcinoma;prostate cancer;cancer;ovarian cancer;glioblastoma;renal carcinoma;malignant pancreatic neoplasm;non-small cell lung carcinoma;triple-negative breast carcinoma;head and neck cancer;small cell lung carcinoma;squamous cell lung carcinoma;exocrine pancreatic carcinoma;neoplasm,PHASE_3,
MTOR,ENSG00000198793,CHEMBL5095025,PANULISIB,,,PHASE_1,
MTOR,ENSG00000198793,CHEMBL1801204,AZD-8055,MONDO_0005070;MONDO_0007256;MONDO_0005062;MONDO_0100342;MONDO_0021042,neoplasm;hepatocellular carcinoma;lymphoma;malignant glioma;glioma,PHASE_1_2,
MTOR,ENSG00000198793,CHEMBL3545096,BGT-226,MONDO_0007254,breast cancer,PHASE_1_2,
MTOR,ENSG00000198793,CHEMBL4297181,SAMOTOLISIB,MONDO_0008315;MONDO_0005233;MONDO_0011962;MONDO_0005184;MONDO_0006047;MONDO_0018908;MONDO_0007254;MONDO_0005065;MONDO_0005062;MONDO_0007254;MONDO_0008903;MONDO_0005575;MONDO_0004992;MONDO_0005070,prostate cancer;non-small cell lung carcinoma;endometrial cancer;pancreatic ductal adenocarcinoma;pancreatic adenocarcinoma;non-Hodgkin lymphoma;breast cancer;mesothelioma;lymphoma;breast cancer;lung cancer;colorectal cancer;cancer;neoplasm,PHASE_2,
MTOR,ENSG00000198793,CHEMBL1236962,OMIPALISIB,MONDO_0005062;EFO_0000768,lymphoma;idiopathic pulmonary fibrosis,PHASE_1,
MTOR,ENSG00000198793,CHEMBL3120215,OSI-027,MONDO_0005086;MONDO_0019313;MONDO_0005062,renal cell carcinoma;lymphatic malformation;lymphoma,PHASE_2,
MTOR,ENSG00000198793,CHEMBL2331680,RG-7603,MONDO_0018908;MONDO_0018908,non-Hodgkin lymphoma;non-Hodgkin lymphoma,PHASE_1,
MTOR,ENSG00000198793,CHEMBL2336325,VISTUSERTIB,MONDO_0005549;MONDO_0002367;MONDO_0005233;MONDO_0007254;MONDO_0005036;MONDO_0018905;MONDO_0016642;MONDO_0001056;MONDO_0008433;MONDO_0005494;MONDO_0005097;MONDO_0005461;MONDO_0005089;MONDO_0021042;MONDO_0008315;MONDO_0008170;MONDO_0005233;MONDO_0011962;MONDO_0001187;MONDO_0018177,renal cell adenocarcinoma;kidney cancer;non-small cell lung carcinoma;breast cancer;gastric adenocarcinoma;diffuse large B-cell lymphoma;meningioma;gastric cancer;small cell lung carcinoma;triple-negative breast carcinoma;squamous cell lung carcinoma;endometrium adenocarcinoma;sarcoma;glioma;prostate cancer;ovarian cancer;non-small cell lung carcinoma;endometrial cancer;urinary bladder cancer;glioblastoma,PHASE_2,
MTOR,ENSG00000198793,CHEMBL1879463,DACTOLISIB,HP_0011947;MONDO_0007254;MONDO_0002447;MONDO_0019954;MONDO_0019954;MONDO_0006474;MONDO_0002367;MONDO_0005086;MONDO_0008315;MONDO_0005494;MONDO_0005233;MONDO_0005575;MONDO_0009831;MONDO_0005105;MONDO_0005549;MONDO_0005070;MONDO_0018874;MONDO_0004967;MONDO_0006115,"Respiratory tract infection;breast cancer;endometrial carcinoma;pancreatic neuroendocrine tumor;pancreatic neuroendocrine tumor;transitional cell carcinoma;kidney cancer;renal cell carcinoma;prostate cancer;triple-negative breast carcinoma;non-small cell lung carcinoma;colorectal cancer;malignant pancreatic neoplasm;melanoma;renal cell adenocarcinoma;neoplasm;acute myeloid leukemia;acute lymphoblastic leukemia;blast phase chronic myelogenous leukemia, BCR-ABL1 positive",PHASE_3,
MTOR,ENSG00000198793,CHEMBL3545097,SAPANISERTIB,MONDO_0007254;MONDO_0009693;MONDO_0008315;MONDO_0005233;MONDO_0005062;MONDO_0004967;MONDO_0005086;MONDO_0011962;MONDO_0019954;MONDO_0018078;MONDO_0006474;MONDO_0005549;MONDO_0007254;MONDO_0015686;MONDO_0002158;MONDO_0008170;MONDO_0040679;MONDO_0005097;MONDO_0056806;MONDO_0004992;MONDO_0002108;MONDO_0002108;EFO_1001471;MONDO_0007256;MONDO_0005089;MONDO_0100280;MONDO_0004992;MONDO_0004992;MONDO_0018177;MONDO_0002974;MONDO_0005549;MONDO_0005627;MONDO_0001056;MONDO_0001378;MONDO_0005575;MONDO_0008903;MONDO_0000430;MONDO_0009348;MONDO_0020325,breast cancer;plasma cell myeloma;prostate cancer;non-small cell lung carcinoma;lymphoma;acute lymphoblastic leukemia;renal cell carcinoma;endometrial cancer;pancreatic neuroendocrine tumor;soft tissue sarcoma;transitional cell carcinoma;renal cell adenocarcinoma;breast cancer;primary peritoneal carcinoma;fallopian tube cancer;ovarian cancer;urothelial carcinoma;squamous cell lung carcinoma;non-small cell squamous lung carcinoma;cancer;thyroid cancer;thyroid cancer;Merkel cell skin cancer;hepatocellular carcinoma;sarcoma;Waldenstrom macroglobulinemia;cancer;cancer;glioblastoma;cervical cancer;renal cell adenocarcinoma;head and neck cancer;gastric cancer;urachus cancer;colorectal cancer;lung cancer;mature T-cell and NK-cell non-Hodgkin lymphoma;classic Hodgkin lymphoma;anaplastic large cell lymphoma,PHASE_2,
MTOR,ENSG00000198793,CHEMBL2141712,PALOMID-529,MONDO_0004975;MONDO_0003004;MONDO_0005417;MONDO_0005150,Alzheimer disease;macular degeneration;wet macular degeneration;age-related macular degeneration,PHASE_1,
MTOR,ENSG00000198793,CHEMBL3545366,VOXTALISIB,MONDO_0018876;MONDO_0018905;MONDO_0004948;MONDO_0018906;MONDO_0004948;MONDO_0020662;MONDO_0007254;MONDO_0021640;MONDO_0016684;MONDO_0018177;MONDO_0018177;MONDO_0018908;MONDO_0005062,mantle cell lymphoma;diffuse large B-cell lymphoma;B-cell chronic lymphocytic leukemia;follicular lymphoma;B-cell chronic lymphocytic leukemia;borderline ovarian serous tumor;breast cancer;grade III glioma;anaplastic astrocytoma;glioblastoma;glioblastoma;non-Hodgkin lymphoma;lymphoma,PHASE_2,
MTOR,ENSG00000198793,CHEMBL1334033,PERHEXILINE MALEATE,MONDO_0005252;MONDO_0005045,heart failure;hypertrophic cardiomyopathy,PHASE_3,
MTOR,ENSG00000198793,CHEMBL1922094,APITOLISIB,MONDO_0018908;MONDO_0007254;MONDO_0005086;MONDO_0002447;MONDO_0008315;MONDO_0018908,non-Hodgkin lymphoma;breast cancer;renal cell carcinoma;endometrial carcinoma;prostate cancer;non-Hodgkin lymphoma,PHASE_2,
MTOR,ENSG00000198793,CHEMBL1234354,PF-04691502,MONDO_0011962;MONDO_0007254,endometrial cancer;breast cancer,PHASE_2,
MTOR,ENSG00000198793,CHEMBL2103839,RIDAFOROLIMUS,MONDO_0005070;MONDO_0005089;MONDO_0005010;MONDO_0021054;MONDO_0018078;MONDO_0004948;MONDO_0018874;MONDO_0004967;MONDO_0018881;MONDO_0011996;MONDO_0018876;MONDO_0009692;MONDO_0002142;MONDO_0002927;MONDO_0009807;MONDO_0008315;MONDO_0011962;MONDO_0007254;MONDO_0005233;MONDO_0006512;MONDO_0009693;MONDO_0005062;MONDO_0004992;MONDO_0021042;MONDO_0100342;MONDO_0016982;MONDO_0018078;MONDO_0005089;MONDO_0005070;MONDO_0005086;MONDO_0005627;MONDO_0021063;MONDO_0002158;MONDO_0005575;MONDO_0015686;MONDO_0008170;MONDO_0018078;MONDO_0012817;MONDO_0005542;EFO_0008585;EFO_0003913;MONDO_0006715;EFO_0008586,"neoplasm;sarcoma;coronary artery disorder;bone sarcoma;soft tissue sarcoma;B-cell chronic lymphocytic leukemia;acute myeloid leukemia;acute lymphoblastic leukemia;myelodysplastic syndrome;chronic myelogenous leukemia, BCR-ABL1 positive;mantle cell lymphoma;primary myelofibrosis;undifferentiated pleomorphic sarcoma;spindle cell sarcoma;osteosarcoma;prostate cancer;endometrial cancer;breast cancer;non-small cell lung carcinoma;estrogen-receptor positive breast cancer;plasma cell myeloma;lymphoma;cancer;glioma;malignant glioma;angiosarcoma;soft tissue sarcoma;sarcoma;neoplasm;renal cell carcinoma;head and neck cancer;malignant colon neoplasm;fallopian tube cancer;colorectal cancer;primary peritoneal carcinoma;ovarian cancer;soft tissue sarcoma;Ewing sarcoma;acute coronary syndrome;ST Elevation Myocardial Infarction;angina pectoris;coronary stenosis;Non-ST Elevation Myocardial Infarction",APPROVAL,
MTOR,ENSG00000198793,CHEMBL1258517,PKI-179,MONDO_0005575;MONDO_0018177;MONDO_0011962;MONDO_0008170;MONDO_0005233;MONDO_0007254,colorectal cancer;glioblastoma;endometrial cancer;ovarian cancer;non-small cell lung carcinoma;breast cancer,PHASE_1,
MTOR,ENSG00000198793,CHEMBL2326966,SF-1126,MONDO_0005627;MONDO_0010150;MONDO_0007256;MONDO_0004948;MONDO_0005072,head and neck cancer;head and neck squamous cell carcinoma;hepatocellular carcinoma;B-cell chronic lymphocytic leukemia;neuroblastoma,PHASE_2,
MTOR,ENSG00000198793,CHEMBL3544963,DS-3078A,MONDO_0005062,lymphoma,PHASE_1,
MTOR,ENSG00000198793,CHEMBL3586404,ONATASERTIB,MONDO_0007256;MONDO_0018908;MONDO_0009693;MONDO_0005233;MONDO_0018905;MONDO_0018906;MONDO_0005070,hepatocellular carcinoma;non-Hodgkin lymphoma;plasma cell myeloma;non-small cell lung carcinoma;diffuse large B-cell lymphoma;follicular lymphoma;neoplasm,PHASE_2,
MTOR,ENSG00000198793,CHEMBL3393066,VS-5584,MONDO_0006292;MONDO_0005062,malignant mesothelioma;lymphoma,PHASE_1,
MTOR,ENSG00000198793,CHEMBL571209,INDOXIMOD,MONDO_0005105;MONDO_0009831;MONDO_0008315;MONDO_0007254;MONDO_0005105;MONDO_0007959;MONDO_0006033;MONDO_0018177;MONDO_0016698;MONDO_0000448;MONDO_0018177;MONDO_0006047;MONDO_0015667;MONDO_0001657;MONDO_0005233;MONDO_0005233;MONDO_0021211;MONDO_0018874,melanoma;malignant pancreatic neoplasm;prostate cancer;breast cancer;melanoma;medulloblastoma;diffuse intrinsic pontine glioma;glioblastoma;ependymoma;paraganglioma;glioblastoma;pancreatic adenocarcinoma;acute myeloid leukemia by FAB classification;brain cancer;non-small cell lung carcinoma;non-small cell lung carcinoma;brain neoplasm;acute myeloid leukemia,PHASE_2_3,
TTK,ENSG00000112742,CHEMBL4303241,BAY-1161909,MONDO_0004992,cancer,PHASE_1,
TTK,ENSG00000112742,CHEMBL4456085,BAY-1217389,MONDO_0004992,cancer,PHASE_1,
IL6R,ENSG00000160712,CHEMBL3833307,SATRALIZUMAB,MONDO_0019100;MONDO_0019100;MONDO_0005046;HP_0001298;MONDO_0008383;MONDO_0009688;EFO_1001466;MONDO_0015924;MONDO_0001347;MONDO_0010679,neuromyelitis optica;neuromyelitis optica;immune system disorder;Encephalopathy;rheumatoid arthritis;myasthenia gravis;Graves ophthalmopathy;pulmonary arterial hypertension;facioscapulohumeral muscular dystrophy;Duchenne muscular dystrophy,APPROVAL,
IL6R,ENSG00000160712,CHEMBL1237022,TOCILIZUMAB,MONDO_0008538;MONDO_0011429;MONDO_0008383;MONDO_0005100;MONDO_0008538;MONDO_0100096;MONDO_0008383;MONDO_0011429;MONDO_0032920;MONDO_0005046;MONDO_0019434;MONDO_0018456;MONDO_0005306;EFO_1001466;MONDO_0005100;MONDO_0017991;MONDO_0005178;MONDO_0100096;MONDO_0019735;MONDO_0100096;MONDO_0021113;MONDO_0005812;MONDO_0100163;MONDO_0100096;MONDO_0006502;MONDO_0012105;HP_0001297;MONDO_0005249;EFO_0008526;MONDO_0007254;MONDO_0019434;MONDO_0015925;MONDO_0005632;MONDO_1060198;HP_0001250;MONDO_0010030;MONDO_0019100;EFO_1001801;MONDO_0005098;MONDO_0019355;MONDO_0019125;EFO_0008586;MONDO_0007191;MONDO_0018153;MONDO_0020546;MONDO_0000845;MONDO_0015540;MONDO_0016367;MONDO_0019127;MONDO_0013730;MONDO_0005147;MONDO_0004976;MONDO_0004728;MONDO_0002009;MONDO_0015924;HP_0004326;MONDO_0009831;MONDO_0005068;MONDO_0018304;MONDO_0018088;MONDO_0007191;MONDO_0020283;EFO_0003046;MONDO_0010150;MONDO_0008315;MP_0001845;MONDO_0005105;MONDO_0005192;MONDO_0043905;MONDO_0015545;MONDO_0044881;MONDO_0013730;HP_0002098;MONDO_0003219;MONDO_0005028;MONDO_0018177;EFO_0009518;EFO_1001466;MONDO_0040679;MONDO_0005233;MONDO_0009688;MONDO_0018882;EFO_1000069;HP_0031273;MONDO_0004781;EFO_0009659;EFO_0008497;EFO_1001466;HP_0100806;MONDO_0005003;MONDO_0002009;MONDO_0001314;HP_0002829;MONDO_0005059;MONDO_0004948;MONDO_0005062;MONDO_0004967;MONDO_0008170;MONDO_0018364;MONDO_0005140;MONDO_0007256;MONDO_0015759;MONDO_0018905;MONDO_0005184;MONDO_0005494;MONDO_0006244;MONDO_0005097;MONDO_0018305;MONDO_0007915;EFO_0005940;HP_0100543;MONDO_0005090;MONDO_0018874;MONDO_0005487;MONDO_0018881;MONDO_0001014;MONDO_0005059;MONDO_0005159;EFO_1001927;MONDO_0020804;EFO_1001471;MONDO_0005070;MONDO_0018908;MONDO_0009693;MONDO_0600023;MONDO_0005148;HP_0000822;MONDO_0001422;EFO_0009909;HP_0001369;MONDO_0005292;HP_0001513;MONDO_0006519;MONDO_0018092;MONDO_0005010;MONDO_0015459,temporal arteritis;juvenile idiopathic arthritis;rheumatoid arthritis;systemic sclerosis;temporal arteritis;COVID-19;rheumatoid arthritis;juvenile idiopathic arthritis;juvenile arthritis due to defect in LACC1;immune system disorder;systemic-onset juvenile idiopathic arthritis;polyarticular juvenile idiopathic arthritis;ankylosing spondylitis;Graves ophthalmopathy;systemic sclerosis;Takayasu arteritis;osteoarthritis;COVID-19;polymyalgia rheumatica;COVID-19;respiratory failure;influenza;COVID-19–associated multisystem inflammatory syndrome in children;COVID-19;acute respiratory distress syndrome;granulomatosis with polyangiitis;Stroke;pneumonia;status epilepticus;breast cancer;systemic-onset juvenile idiopathic arthritis;interstitial lung disease;acute chest syndrome;ischemic stroke;Seizure;Sjogren syndrome;neuromyelitis optica;intracranial subdural hematoma;stroke disorder;adult-onset Still disease;relapsing polychondritis;Non-ST Elevation Myocardial Infarction;Behcet disease;Erdheim-Chester disease;acute graft versus host disease;fibrous dysplasia;hemophagocytic syndrome;dermatomyositis;polymyositis;graft versus host disease;type 1 diabetes mellitus;amyotrophic lateral sclerosis;diabetic macular edema;major depressive disorder;pulmonary arterial hypertension;Cachexia;malignant pancreatic neoplasm;myocardial infarction;Schnitzler syndrome;familial Mediterranean fever;Behcet disease;uveitis;heart transplant rejection;head and neck squamous cell carcinoma;prostate cancer;inflammation;melanoma;exocrine pancreatic carcinoma;pneumonitis;macrophage activation syndrome;hematopoietic and lymphoid cell neoplasm;graft versus host disease;Respiratory distress;gastroesophageal junction adenocarcinoma;esophageal adenocarcinoma;glioblastoma;complication;Graves ophthalmopathy;urothelial carcinoma;non-small cell lung carcinoma;myasthenia gravis;vasculitis;Adamantinomatous Craniopharyngioma;Shock;acute myocardial infarction;aneurysm;chronic lung allograft dysfunction;Graves ophthalmopathy;Sepsis;chronic pancreatitis;major depressive disorder;chondrocalcinosis;Arthralgia;leukemia;B-cell chronic lymphocytic leukemia;lymphoma;acute lymphoblastic leukemia;ovarian cancer;malignant epithelial tumor of ovary;ovarian carcinoma;hepatocellular carcinoma;B-cell non-Hodgkin lymphoma;diffuse large B-cell lymphoma;pancreatic ductal adenocarcinoma;triple-negative breast carcinoma;HER2 positive breast carcinoma;squamous cell lung carcinoma;chronic granulomatous disease;systemic lupus erythematosus;psychotic symptoms;Cognitive impairment;schizophrenia;acute myeloid leukemia;schizoaffective disorder;myelodysplastic syndrome;chronic leukemia;leukemia;prostate carcinoma;cutaneous squamous cell carcinoma;basal cell carcinoma;Merkel cell skin cancer;neoplasm;non-Hodgkin lymphoma;plasma cell myeloma;idiopathic inflammatory myopathy;type 2 diabetes mellitus;Hypertension;primary aldosteronism;stage 5 chronic kidney disease;Arthritis;colitis;Obesity;rectal cancer;Vogt-Koyanagi-Harada disease;coronary artery disorder;nasopharyngeal carcinoma,APPROVAL,
IL6R,ENSG00000160712,CHEMBL4650406,LEVILIMAB,MONDO_0005046;MONDO_0008383;MONDO_0100096,immune system disorder;rheumatoid arthritis;COVID-19,APPROVAL,
IL6R,ENSG00000160712,CHEMBL2108730,SARILUMAB,MONDO_0008383;MONDO_0005046;MONDO_0005306;MONDO_0100096;MONDO_0008538;MONDO_0019735;MONDO_0100096;MONDO_0005249;MONDO_0002406;MONDO_0005480;HP_0011123;MONDO_0011429;MONDO_0019434;MONDO_0016586;MONDO_0019338;MONDO_0006502;MONDO_0005105;MONDO_0019562;MONDO_0005494;MONDO_0005233;MONDO_0020547,rheumatoid arthritis;immune system disorder;ankylosing spondylitis;COVID-19;temporal arteritis;polymyalgia rheumatica;COVID-19;pneumonia;dermatitis;contact dermatitis;Inflammatory abnormality of the skin;juvenile idiopathic arthritis;systemic-onset juvenile idiopathic arthritis;systemic mastocytosis;sarcoidosis;acute respiratory distress syndrome;melanoma;localized scleroderma;triple-negative breast carcinoma;non-small cell lung carcinoma;chronic graft versus host disease,APPROVAL,
IL6R,ENSG00000160712,CHEMBL3833343,VOBARILIZUMAB,MONDO_0008383;MONDO_0007915,rheumatoid arthritis;systemic lupus erythematosus,PHASE_2,
AURKB,ENSG00000178999,CHEMBL5095033,IBCASERTIB,MONDO_0008433;MONDO_0004992;MONDO_0008170;MONDO_0005140;MONDO_0005184;MONDO_0002158;MONDO_0005140;MONDO_0015686;MONDO_0018364;MONDO_0005494;MONDO_0018078;MONDO_0007256;MONDO_0018908;MONDO_0008433;MONDO_0005062;MONDO_0005070,small cell lung carcinoma;cancer;ovarian cancer;ovarian carcinoma;pancreatic ductal adenocarcinoma;fallopian tube cancer;ovarian carcinoma;primary peritoneal carcinoma;malignant epithelial tumor of ovary;triple-negative breast carcinoma;soft tissue sarcoma;hepatocellular carcinoma;non-Hodgkin lymphoma;small cell lung carcinoma;lymphoma;neoplasm,PHASE_3,
AURKB,ENSG00000178999,CHEMBL415049,BARASERTIB,MONDO_0018874;MONDO_0008433;MONDO_0008433;MONDO_0018905;MONDO_0018874;MONDO_0015667,acute myeloid leukemia;small cell lung carcinoma;small cell lung carcinoma;diffuse large B-cell lymphoma;acute myeloid leukemia;acute myeloid leukemia by FAB classification,PHASE_2_3,
AURKB,ENSG00000178999,CHEMBL482967,CYC-116,MONDO_0005070,neoplasm,PHASE_1,
AURKB,ENSG00000178999,CHEMBL3545327,TTP-607,MONDO_0005062,lymphoma,PHASE_1,
AURKB,ENSG00000178999,CHEMBL482767,SNS-314,,,PHASE_1,
AURKB,ENSG00000178999,CHEMBL3545395,BI-811283,MONDO_0015667,acute myeloid leukemia by FAB classification,PHASE_2,
AURKB,ENSG00000178999,CHEMBL482968,ENMD-2076,MONDO_0015667;MONDO_0005494;MONDO_0008170;MONDO_0005494;MONDO_0018078;MONDO_0005004;MONDO_0006210;MONDO_0007256;MONDO_0005575;MONDO_0009693;MONDO_0044881,acute myeloid leukemia by FAB classification;triple-negative breast carcinoma;ovarian cancer;triple-negative breast carcinoma;soft tissue sarcoma;clear cell adenocarcinoma;fibrolamellar hepatocellular carcinoma;hepatocellular carcinoma;colorectal cancer;plasma cell myeloma;hematopoietic and lymphoid cell neoplasm,PHASE_2,
AURKB,ENSG00000178999,CHEMBL3544932,TAK-901,MONDO_0044881;MONDO_0005062,hematopoietic and lymphoid cell neoplasm;lymphoma,PHASE_1,
AURKB,ENSG00000178999,CHEMBL1908397,KW-2449,MONDO_0015667;MONDO_0018874;MONDO_0018881;MONDO_0004967;MONDO_0011996;MONDO_0018874,"acute myeloid leukemia by FAB classification;acute myeloid leukemia;myelodysplastic syndrome;acute lymphoblastic leukemia;chronic myelogenous leukemia, BCR-ABL1 positive;acute myeloid leukemia",PHASE_1,
AURKB,ENSG00000178999,CHEMBL2140408,AMG-900,MONDO_0008170;MONDO_0005494;MONDO_0008315;MONDO_0018874,ovarian cancer;triple-negative breast carcinoma;prostate cancer;acute myeloid leukemia,PHASE_1,
AURKB,ENSG00000178999,CHEMBL3545378,MK-6592,,,PHASE_1,
AURKB,ENSG00000178999,CHEMBL1090479,GSK-1070916,,,PHASE_1,
AURKB,ENSG00000178999,CHEMBL4289017,PF-03814735,,,PHASE_1,
AURKB,ENSG00000178999,CHEMBL1980297,ILORASERTIB,MONDO_0011908;MONDO_0018874;MONDO_0018881,juvenile myelomonocytic leukemia;acute myeloid leukemia;myelodysplastic syndrome,PHASE_2,
AURKB,ENSG00000178999,CHEMBL1967878,CENISERTIB,MONDO_0005070;MONDO_0044881;MONDO_0005138;MONDO_0005575;MONDO_0007256,neoplasm;hematopoietic and lymphoid cell neoplasm;lung carcinoma;colorectal cancer;hepatocellular carcinoma,PHASE_1,
AURKB,ENSG00000178999,CHEMBL572878,TOZASERTIB,MONDO_0005233;MONDO_0011996;MONDO_0004967;MONDO_0005575,"non-small cell lung carcinoma;chronic myelogenous leukemia, BCR-ABL1 positive;acute lymphoblastic leukemia;colorectal cancer",PHASE_2,
AURKB,ENSG00000178999,CHEMBL495727,AT-9283,MONDO_0009693;MONDO_0004967;MONDO_0800305;MONDO_0018881;MONDO_0018874;MONDO_0011996;MONDO_0018908;MONDO_0010643,"plasma cell myeloma;acute lymphoblastic leukemia;myelofibrosis with myeloid metaplasia;myelodysplastic syndrome;acute myeloid leukemia;chronic myelogenous leukemia, BCR-ABL1 positive;non-Hodgkin lymphoma;acute leukemia",PHASE_3,
AURKB,ENSG00000178999,CHEMBL402548,DANUSERTIB,MONDO_0008315;MONDO_0011996;MONDO_0009693,"prostate cancer;chronic myelogenous leukemia, BCR-ABL1 positive;plasma cell myeloma",PHASE_2,
JAK1,ENSG00000162434,CHEMBL1795071,RUXOLITINIB PHOSPHATE,MONDO_0013730;MONDO_0008661;MONDO_0044903;MONDO_0009692;MONDO_0009891;MONDO_0005029;EFO_1001494;MONDO_0018905;MONDO_0000430;MONDO_0002280;MONDO_0004653;MONDO_0018881;MONDO_0020076;MONDO_0020311;MONDO_0019451;MONDO_0004967;MONDO_0005340;MONDO_0004948;MONDO_0004948;MONDO_0018874;MONDO_0002158;MONDO_0015686;MONDO_0005140;MONDO_0018364;MONDO_0013730;MONDO_0011962;MONDO_0004980,"graft versus host disease;vitiligo;myelofibrosis;primary myelofibrosis;acquired polycythemia vera;essential thrombocythemia;psoriasis vulgaris;diffuse large B-cell lymphoma;mature T-cell and NK-cell non-Hodgkin lymphoma;anemia;atypical chronic myeloid leukemia, BCR-ABL1 negative;myelodysplastic syndrome;myeloproliferative neoplasm;chronic myelomonocytic leukemia;chronic neutrophilic leukemia;acute lymphoblastic leukemia;alopecia areata;B-cell chronic lymphocytic leukemia;B-cell chronic lymphocytic leukemia;acute myeloid leukemia;fallopian tube cancer;primary peritoneal carcinoma;ovarian carcinoma;malignant epithelial tumor of ovary;graft versus host disease;endometrial cancer;atopic eczema",APPROVAL,
JAK1,ENSG00000162434,CHEMBL6068336,MOMELOTINIB DIHYDROCHLORIDE MONOHYDRATE,MONDO_0044903;HP_0001744;EFO_0004251,myelofibrosis;Splenomegaly;myeloproliferative disorder,APPROVAL,
JAK1,ENSG00000162434,CHEMBL4802163,NEZULCITINIB,MONDO_0100096;MONDO_0015796;MONDO_0100096,COVID-19;acute lung injury;COVID-19,PHASE_2,
JAK1,ENSG00000162434,CHEMBL4594382,DEURUXOLITINIB PHOSPHATE,MONDO_0005340,alopecia areata,APPROVAL,
JAK1,ENSG00000162434,CHEMBL4297477,BREPOCITINIB,MONDO_0016367;EFO_0009856;MONDO_0004979;EFO_1001494;MONDO_0005101;MONDO_0005340;MONDO_0005011;MONDO_0007915;MONDO_0004980;MONDO_0011849;MONDO_0006559;EFO_1002028;MONDO_0020283;MONDO_0006611;EFO_1001494;MONDO_0005083;MONDO_0005046,dermatomyositis;lichen planopilaris;asthma;psoriasis vulgaris;ulcerative colitis;alopecia areata;Crohn disease;systemic lupus erythematosus;atopic eczema;psoriatic arthritis;hidradenitis suppurativa;cicatricial alopecia;uveitis;skin sarcoidosis;psoriasis vulgaris;psoriasis;immune system disorder,PHASE_3,
JAK1,ENSG00000162434,CHEMBL3622820,ITACITINIB,MONDO_0013730;MONDO_0020547;MONDO_0004992;MONDO_0005233;MONDO_0008383;MONDO_0044903;MONDO_0005083;MONDO_0005233;MONDO_0004952;MONDO_0005101;MONDO_0020547;MONDO_0004992;MONDO_0007254;MONDO_0021223;MONDO_0005233;MONDO_0009692;MONDO_0005100;MONDO_0018905;MONDO_0006047;MONDO_0005192;MONDO_0018906;MONDO_0017604;MONDO_0018908;MONDO_0018876;MONDO_0004992;MONDO_0009348;EFO_0004599;MONDO_0015265;MONDO_0006311;MONDO_0020546;MONDO_0009348;MONDO_0015759;MONDO_0005070;MONDO_0001056;MONDO_0010150;MONDO_0011962;MONDO_0008433;MONDO_0006474;MONDO_0005086;MONDO_0005575;MONDO_0005184;MONDO_0005105;MONDO_0005089;MONDO_0019468;MONDO_0013730;MONDO_0007256;MONDO_0015909,graft versus host disease;chronic graft versus host disease;cancer;non-small cell lung carcinoma;rheumatoid arthritis;myelofibrosis;psoriasis;non-small cell lung carcinoma;Hodgkins lymphoma;ulcerative colitis;chronic graft versus host disease;cancer;breast cancer;digestive system neoplasm;non-small cell lung carcinoma;primary myelofibrosis;systemic sclerosis;diffuse large B-cell lymphoma;pancreatic adenocarcinoma;exocrine pancreatic carcinoma;follicular lymphoma;marginal zone lymphoma;non-Hodgkin lymphoma;mantle cell lymphoma;cancer;classic Hodgkin lymphoma;acute graft vs. host disease;bronchiolitis obliterans syndrome;myelodysplastic/myeloproliferative neoplasm;acute graft versus host disease;classic Hodgkin lymphoma;B-cell non-Hodgkin lymphoma;neoplasm;gastric cancer;head and neck squamous cell carcinoma;endometrial cancer;small cell lung carcinoma;transitional cell carcinoma;renal cell carcinoma;colorectal cancer;pancreatic ductal adenocarcinoma;melanoma;sarcoma;T-cell prolymphocytic leukemia;graft versus host disease;hepatocellular carcinoma;aplastic anemia,PHASE_3,
JAK1,ENSG00000162434,CHEMBL3137308,PEFICITINIB,EFO_1001494;MONDO_0008383;EFO_1001494;MONDO_0005101,psoriasis vulgaris;rheumatoid arthritis;psoriasis vulgaris;ulcerative colitis,PHASE_3,
JAK1,ENSG00000162434,CHEMBL3301606,SOLCITINIB,MONDO_0007915;EFO_1001494;HP_0001369;MONDO_0005101,systemic lupus erythematosus;psoriasis vulgaris;Arthritis;ulcerative colitis,PHASE_2,
JAK1,ENSG00000162434,CHEMBL4650343,IZENCITINIB,MONDO_0005101;MONDO_0005011;MONDO_0005011,ulcerative colitis;Crohn disease;Crohn disease,PHASE_2_3,
JAK1,ENSG00000162434,CHEMBL2103743,TOFACITINIB CITRATE,MONDO_0011849;MONDO_0008383;Orphanet_701;MONDO_0019080;MONDO_0005340,psoriatic arthritis;rheumatoid arthritis;Alopecia universalis;alopecia totalis;alopecia areata,APPROVAL,
JAK1,ENSG00000162434,CHEMBL4594275,GUSACITINIB,MONDO_0004980;HP_0000964;MONDO_0004980;EFO_0022959;MONDO_0020804;MONDO_0005062;MONDO_0000430;MONDO_0004948;MONDO_0018876;MONDO_0018905;MONDO_0044903;MONDO_0018906;MONDO_0007187;MONDO_0004670;MONDO_0007915;MONDO_0007915;HP_0011123;MONDO_0002334;MONDO_0007179,atopic eczema;Eczematoid dermatitis;atopic eczema;hand eczema;basal cell carcinoma;lymphoma;mature T-cell and NK-cell non-Hodgkin lymphoma;B-cell chronic lymphocytic leukemia;mantle cell lymphoma;diffuse large B-cell lymphoma;myelofibrosis;follicular lymphoma;nevoid basal cell carcinoma syndrome;lupus erythematosus;systemic lupus erythematosus;systemic lupus erythematosus;Inflammatory abnormality of the skin;hematopoietic and lymphoid system neoplasm;autoimmune disease,PHASE_2,
JAK1,ENSG00000162434,CHEMBL4298167,FILGOTINIB MALEATE,MONDO_0008383;MP_0001845;MONDO_0007179,rheumatoid arthritis;inflammation;autoimmune disease,APPROVAL,
JAK1,ENSG00000162434,CHEMBL3622821,UPADACITINIB,MONDO_0008383;MONDO_0004980;MONDO_0005101;MONDO_0005011;MONDO_0011849;MONDO_0008538;MONDO_0008383;MONDO_0005306;MONDO_0011849;MONDO_0005101;MONDO_0005011;MONDO_0004980;MONDO_0017991;MONDO_0005306;MONDO_0019434;MONDO_0007915;MONDO_0006559;MONDO_0005340;MONDO_0008661;HP_0002360;HP_0002094;HP_0012378;HP_0002098;HP_0100543;MONDO_0010030;MONDO_0008558;MONDO_0007191;EFO_0009856;MONDO_0005361;MONDO_0019125;MONDO_0011429;HP_0010447;MONDO_0005083;MONDO_0005265;MONDO_0015925;MONDO_0005011,rheumatoid arthritis;atopic eczema;ulcerative colitis;Crohn disease;psoriatic arthritis;temporal arteritis;rheumatoid arthritis;ankylosing spondylitis;psoriatic arthritis;ulcerative colitis;Crohn disease;atopic eczema;Takayasu arteritis;ankylosing spondylitis;systemic-onset juvenile idiopathic arthritis;systemic lupus erythematosus;hidradenitis suppurativa;alopecia areata;vitiligo;Sleep disturbance;Dyspnea;Fatigue;Respiratory distress;Cognitive impairment;Sjogren syndrome;autoimmune thrombocytopenic purpura;Behcet disease;lichen planopilaris;eosinophilic esophagitis;relapsing polychondritis;juvenile idiopathic arthritis;Anal fistula;psoriasis;inflammatory bowel disease;interstitial lung disease;Crohn disease,APPROVAL,
JAK1,ENSG00000162434,CHEMBL5315119,UPADACITINIB HEMIHYDRATE,MONDO_0008383;MONDO_0005101,rheumatoid arthritis;ulcerative colitis,APPROVAL,
JAK1,ENSG00000162434,CHEMBL3655081,ABROCITINIB,MONDO_0004980;HP_0000964;MONDO_0004980;MONDO_0007915;MONDO_0004670;MONDO_0005083;MONDO_0026045;MONDO_0006554;MONDO_0006611;MONDO_0005147;EFO_0022959;HP_0012378;MONDO_0005340;MONDO_0700226;MONDO_0019810,atopic eczema;Eczematoid dermatitis;atopic eczema;systemic lupus erythematosus;lupus erythematosus;psoriasis;prurigo nodularis;granuloma annulare;skin sarcoidosis;type 1 diabetes mellitus;hand eczema;Fatigue;alopecia areata;food allergy;toxic epidermal necrolysis,APPROVAL,
JAK1,ENSG00000162434,CHEMBL3545249,GLPG-0555,MONDO_0005178,osteoarthritis,PHASE_1,
JAK1,ENSG00000162434,CHEMBL2105759,BARICITINIB,MONDO_0011429;MONDO_0004980;MONDO_0008383;MONDO_0008054;MONDO_0100096;MONDO_0007915;MONDO_0018456;MONDO_0019437;MONDO_0019436;EFO_0009746;MONDO_0005340;MONDO_0019434;MONDO_0005812;MONDO_0100163;MONDO_0100096;MONDO_0006502;MONDO_0005015;MONDO_0016367;MONDO_0005556;MONDO_0017634;MONDO_0004975;HP_0100543;HP_0003546;HP_0002094;MONDO_0005100;MONDO_0005147;MONDO_0019735;MONDO_0005502;MONDO_0018866;MONDO_0009726;MONDO_0009726;Orphanet_51;MONDO_0014405;MONDO_0005249;EFO_1001494;MONDO_0005016;HP_0000964;MONDO_0004980;MONDO_0008538;MONDO_0005388;MONDO_0018866;HP_0001298;Orphanet_51;MONDO_0600023;MONDO_0005249;MONDO_0005147;MONDO_0008661;EFO_0006835;MONDO_0010030;MONDO_0006572;MONDO_0005300;MONDO_0100313;MONDO_0021167;MONDO_0008558;EFO_0007948;MONDO_0002050;MONDO_0006849;MONDO_0005016;EFO_0008517;HP_0100806;MONDO_0005099;MONDO_0018902;MONDO_0017991;MONDO_0015796;MONDO_0001314;HP_0001369;MONDO_0001707;MONDO_0011208;MONDO_0002009;EFO_0000180;MONDO_0020547;MONDO_0004976;MONDO_0019100;Orphanet_2314;MONDO_0002459;GO_0001806;MONDO_0005083;MONDO_0021113;MONDO_0017287;MONDO_0018866;Orphanet_51;MONDO_0015925,juvenile idiopathic arthritis;atopic eczema;rheumatoid arthritis;juvenile dermatomyositis;COVID-19;systemic lupus erythematosus;polyarticular juvenile idiopathic arthritis;enthesitis-related juvenile idiopathic arthritis;psoriasis-related juvenile idiopathic arthritis;extended oligoarticular juvenile idiopathic arthritis;alopecia areata;systemic-onset juvenile idiopathic arthritis;influenza;COVID-19–associated multisystem inflammatory syndrome in children;COVID-19;acute respiratory distress syndrome;diabetes mellitus;dermatomyositis;lupus nephritis;non-infectious anterior uveitis;Alzheimer disease;Cognitive impairment;Exercise intolerance;Dyspnea;systemic sclerosis;type 1 diabetes mellitus;polymyalgia rheumatica;dengue disease;Aicardi-Goutieres syndrome;proteosome-associated autoinflammatory syndrome;proteosome-associated autoinflammatory syndrome;Aicardi-Goutières syndrome;STING-associated vasculopathy with onset in infancy;pneumonia;psoriasis vulgaris;diabetic kidney disease;Eczematoid dermatitis;atopic eczema;temporal arteritis;primary biliary cholangitis;Aicardi-Goutieres syndrome;Encephalopathy;Aicardi-Goutières syndrome;idiopathic inflammatory myopathy;pneumonia;type 1 diabetes mellitus;vitiligo;pyoderma gangrenosum;Sjogren syndrome;lichen planus;chronic kidney disease;focal segmental glomerulosclerosis;myositis disease;autoimmune thrombocytopenic purpura;HIV-associated neurocognitive disorder;depressive disorder;mastitis;diabetic kidney disease;oral lichen planus;Sepsis;subarachnoid hemorrhage;hepatocellular adenoma;Takayasu arteritis;acute lung injury;chondrocalcinosis;Arthritis;cardiac sarcoidosis;malignant atrophic papulosis;major depressive disorder;HIV-1 infection;chronic graft versus host disease;amyotrophic lateral sclerosis;neuromyelitis optica;Autosomal dominant hyper-IgE syndrome;type IV hypersensitivity disease;type IV hypersensitivity;psoriasis;respiratory failure;immunoglobulin G4-related sclerosing disease;Aicardi-Goutieres syndrome;Aicardi-Goutières syndrome;interstitial lung disease,APPROVAL,
JAK1,ENSG00000162434,CHEMBL4297507,DELGOCITINIB,MONDO_0004980;HP_0000964;MONDO_0004980;HP_0000964;MONDO_0002406;EFO_0022959;HP_0000964;MONDO_0007899;MONDO_0004979;MONDO_0005340;MONDO_0005083;MONDO_0019558;EFO_0009855;MONDO_0015597;EFO_0009856;MONDO_0022113,atopic eczema;Eczematoid dermatitis;atopic eczema;Eczematoid dermatitis;dermatitis;hand eczema;Eczematoid dermatitis;lichen sclerosus et atrophicus;asthma;alopecia areata;psoriasis;discoid lupus erythematosus;frontal fibrosing alopecia;palmoplantar pustulosis;lichen planopilaris;central centrifugal cicatricial alopecia,APPROVAL,
JAK1,ENSG00000162434,CHEMBL3545225,INCB-047986,MONDO_0008383;MONDO_0018881;MONDO_0006047;MONDO_0005494,rheumatoid arthritis;myelodysplastic syndrome;pancreatic adenocarcinoma;triple-negative breast carcinoma,PHASE_2,
JAK1,ENSG00000162434,CHEMBL1078178,MOMELOTINIB,MONDO_0044903;MONDO_0005070;MONDO_0044903;MONDO_0044903;MONDO_0009692;MONDO_0005184;MONDO_0026777;MONDO_0009891;HP_0001894;MONDO_0019111;MONDO_0005029;MONDO_0018881;MONDO_0018874;MONDO_0005233;MONDO_0006311;MONDO_0019451;MONDO_0020311,myelofibrosis;neoplasm;myelofibrosis;myelofibrosis;primary myelofibrosis;pancreatic ductal adenocarcinoma;VEXAS syndrome;acquired polycythemia vera;Thrombocytosis;familial thrombocytosis;essential thrombocythemia;myelodysplastic syndrome;acute myeloid leukemia;non-small cell lung carcinoma;myelodysplastic/myeloproliferative neoplasm;chronic neutrophilic leukemia;chronic myelomonocytic leukemia,APPROVAL,
JAK1,ENSG00000162434,CHEMBL4116008,CERDULATINIB,MONDO_0000430;MONDO_0015759;MONDO_0008661;MONDO_0018908;MONDO_0004948;MONDO_0004948;MONDO_0018908;MONDO_0004980,mature T-cell and NK-cell non-Hodgkin lymphoma;B-cell non-Hodgkin lymphoma;vitiligo;non-Hodgkin lymphoma;B-cell chronic lymphocytic leukemia;B-cell chronic lymphocytic leukemia;non-Hodgkin lymphoma;atopic eczema,PHASE_2_3,
JAK1,ENSG00000162434,CHEMBL3301607,FILGOTINIB,MONDO_0008383;MONDO_0008383;MONDO_0005101;MONDO_0005011;MONDO_0011849;MONDO_0005306;MONDO_0005095;MONDO_0011429;MONDO_0005011;MONDO_0005282;MONDO_0010030;MONDO_0005265;MONDO_0020283;MONDO_0007915;MONDO_0005240;MONDO_0600023;MONDO_0007191;MONDO_0017287,rheumatoid arthritis;rheumatoid arthritis;ulcerative colitis;Crohn disease;psoriatic arthritis;ankylosing spondylitis;spondyloarthropathy;juvenile idiopathic arthritis;Crohn disease;cutaneous lupus erythematosus;Sjogren syndrome;inflammatory bowel disease;uveitis;systemic lupus erythematosus;kidney disorder;idiopathic inflammatory myopathy;Behcet disease;immunoglobulin G4-related sclerosing disease,APPROVAL,
JAK1,ENSG00000162434,CHEMBL221959,TOFACITINIB,MONDO_0008383;MONDO_0008383;EFO_1001494;MONDO_0005101;MONDO_0011849;MONDO_0019434;MONDO_0019437;MONDO_0011429;MONDO_0005083;MONDO_0005306;MONDO_0006502;MONDO_0100096;MONDO_0012105;MONDO_0018177;MONDO_0017991;MONDO_0019735;MONDO_0019080;Orphanet_701;MONDO_0005340;MONDO_0018456;MONDO_0015597;MONDO_0005306;MONDO_0005446;MONDO_0005011;MONDO_0005083;MONDO_0004980;MONDO_0001718;MONDO_0020283;MP_0001845;MONDO_0021113;MONDO_0005249;MONDO_0005312;MONDO_0010030;MONDO_0015925;MONDO_0018905;MONDO_0016367;MONDO_0021167;EFO_0009659;MONDO_0005100;MONDO_0004496;MONDO_0000607;MONDO_0004967;MONDO_0008608;MONDO_0005282;MONDO_0007915;MONDO_0002009;MONDO_0010030;MONDO_0018305;MONDO_0005265;EFO_1001494;MONDO_0019338;MONDO_0001708;MONDO_0019338;MONDO_0006554;MONDO_0006047;MONDO_0008661;MONDO_0019558;MONDO_0009688;MONDO_0019810;MONDO_0004976;EFO_0008532;MONDO_0015492;MONDO_0005095;MONDO_0017287;MONDO_0019436;MONDO_0026045;EFO_0009855;EFO_0009856;MONDO_0018229;HP_0001369;MONDO_0008523;MONDO_0006559;MONDO_0004907,rheumatoid arthritis;rheumatoid arthritis;psoriasis vulgaris;ulcerative colitis;psoriatic arthritis;systemic-onset juvenile idiopathic arthritis;enthesitis-related juvenile idiopathic arthritis;juvenile idiopathic arthritis;psoriasis;ankylosing spondylitis;acute respiratory distress syndrome;COVID-19;granulomatosis with polyangiitis;glioblastoma;Takayasu arteritis;polymyalgia rheumatica;alopecia totalis;Alopecia universalis;alopecia areata;polyarticular juvenile idiopathic arthritis;palmoplantar pustulosis;ankylosing spondylitis;cutaneous leishmaniasis;Crohn disease;psoriasis;atopic eczema;scleritis;uveitis;inflammation;respiratory failure;pneumonia;pouchitis;Sjogren syndrome;interstitial lung disease;diffuse large B-cell lymphoma;dermatomyositis;myositis disease;aneurysm;systemic sclerosis;myocarditis;primary cutaneous T-cell non-Hodgkin lymphoma;acute lymphoblastic leukemia;Down syndrome;cutaneous lupus erythematosus;systemic lupus erythematosus;major depressive disorder;Sjogren syndrome;chronic granulomatous disease;inflammatory bowel disease;psoriasis vulgaris;sarcoidosis;pulmonary sarcoidosis;sarcoidosis;granuloma annulare;pancreatic adenocarcinoma;vitiligo;discoid lupus erythematosus;myasthenia gravis;toxic epidermal necrolysis;amyotrophic lateral sclerosis;clinically amyopathic dermatomyositis;anti-neutrophil cytoplasmic antibody-associated vasculitis;spondyloarthropathy;immunoglobulin G4-related sclerosing disease;psoriasis-related juvenile idiopathic arthritis;prurigo nodularis;frontal fibrosing alopecia;lichen planopilaris;Stevens-Johnson syndrome;Arthritis;Blau syndrome;hidradenitis suppurativa;alopecia,APPROVAL,
JAK1,ENSG00000162434,CHEMBL1789941,RUXOLITINIB,MONDO_0005029;MONDO_0044903;HP_0000964;EFO_0004251;MONDO_0013730;MONDO_0009891;MONDO_0005070;MONDO_0013730;MONDO_0020547;MONDO_0009831;MONDO_0009692;MONDO_0044903;MONDO_0044903;MONDO_0006047;MONDO_0005192;MONDO_0020546;MONDO_0015540;MONDO_0004980;MONDO_0008661;MONDO_0100096;MONDO_0006502;MONDO_0020546;MONDO_0015545;EFO_0022959;MONDO_0026045;MONDO_0006559;MONDO_0000872;MONDO_0020511;MONDO_0004963;MONDO_0000814;MONDO_0044917;MONDO_0020511;MONDO_0003539;MONDO_0004967;MONDO_0004967;MONDO_0100096;MONDO_0015691;MONDO_0008383;EFO_1001494;MONDO_0008315;MONDO_0009693;MONDO_0018874;MONDO_0000873;MONDO_0006047;MONDO_0007254;MONDO_0018874;MONDO_0009348;MONDO_0005340;MONDO_0004952;MONDO_0005062;MONDO_0000984;HP_0004326;MONDO_0004992;MONDO_0005233;MONDO_0005575;MONDO_0015540;MONDO_0006804;MONDO_0002280;MONDO_0009691;MONDO_0000430;MONDO_0019469;MONDO_0010150;MONDO_0018881;MONDO_0011996;MONDO_0015265;MONDO_0006572;MONDO_0020311;MONDO_0000430;MONDO_0019471;MONDO_0004952;MONDO_0020076;MONDO_0020076;MONDO_0005091;MONDO_0006583;MONDO_0004992;EFO_1001927;MONDO_0019558;MONDO_0015265;MONDO_0004947;MONDO_0004496;MONDO_0009411;MONDO_0020547;MONDO_0005170;MONDO_0006572;MONDO_0006570;HP_0100727;MONDO_0006608;MONDO_0004653;MONDO_0011908;HP_0000964;EFO_0004952;MONDO_0007827;MONDO_0013730;MONDO_0018881;MONDO_0016367;MONDO_0020546;MONDO_0018177;MONDO_0005170;MONDO_0000607;MONDO_0004967;MONDO_0019471;MONDO_0004948;MONDO_0005494;MONDO_0006244;MONDO_0005061;MONDO_0010643;MONDO_0006311;MONDO_0005062;MONDO_0044881;MONDO_0005070;MONDO_0004967;EFO_0004251;MONDO_0018905;MONDO_0004963;MONDO_0002406;MONDO_0019100;MONDO_0011208;EFO_0006927;MONDO_0044903;MONDO_0044903;MONDO_0009891;MONDO_0005029;MONDO_0012197;MONDO_0005233;MONDO_0005086;MONDO_0011382;MONDO_0019468;MONDO_0005059;MONDO_0006311;MONDO_0018908;MONDO_0015759;MONDO_0015760;MONDO_0006247;MONDO_0000448;MONDO_0044881;MONDO_0005170;MONDO_0005065;MONDO_0005012;MONDO_0005184;EFO_0004251;MONDO_0005005;MONDO_0005008;MONDO_0005571;MONDO_0005082;MONDO_0018866;Orphanet_51,"essential thrombocythemia;myelofibrosis;Eczematoid dermatitis;myeloproliferative disorder;graft versus host disease;acquired polycythemia vera;neoplasm;graft versus host disease;chronic graft versus host disease;malignant pancreatic neoplasm;primary myelofibrosis;myelofibrosis;myelofibrosis;pancreatic adenocarcinoma;exocrine pancreatic carcinoma;acute graft versus host disease;hemophagocytic syndrome;atopic eczema;vitiligo;COVID-19;acute respiratory distress syndrome;acute graft versus host disease;macrophage activation syndrome;hand eczema;prurigo nodularis;hidradenitis suppurativa;B-cell childhood acute lymphoblastic leukemia;precursor B-cell acute lymphoblastic leukemia;T-cell acute lymphoblastic leukemia;B-cell adult acute lymphocytic leukemia;T-lymphoblastic lymphoma;precursor B-cell acute lymphoblastic leukemia;T-cell adult acute lymphocytic leukemia;acute lymphoblastic leukemia;acute lymphoblastic leukemia;COVID-19;hypereosinophilic syndrome;rheumatoid arthritis;psoriasis vulgaris;prostate cancer;plasma cell myeloma;acute myeloid leukemia;lymphoblastic lymphoma;pancreatic adenocarcinoma;breast cancer;acute myeloid leukemia;classic Hodgkin lymphoma;alopecia areata;Hodgkins lymphoma;lymphoma;thalassemia;Cachexia;cancer;non-small cell lung carcinoma;colorectal cancer;hemophagocytic syndrome;inflammatory breast carcinoma;anemia;mycosis fungoides;mature T-cell and NK-cell non-Hodgkin lymphoma;T-cell large granular lymphocyte leukemia;head and neck squamous cell carcinoma;myelodysplastic syndrome;chronic myelogenous leukemia, BCR-ABL1 positive;bronchiolitis obliterans syndrome;lichen planus;chronic myelomonocytic leukemia;mature T-cell and NK-cell non-Hodgkin lymphoma;adult T-cell leukemia/lymphoma;Hodgkins lymphoma;myeloproliferative neoplasm;myeloproliferative neoplasm;severe acute respiratory syndrome;necrobiosis lipoidica;cancer;cutaneous squamous cell carcinoma;discoid lupus erythematosus;bronchiolitis obliterans syndrome;B-cell acute lymphoblastic leukemia;myocarditis;autoimmune polyendocrine syndrome type 1;chronic graft versus host disease;myeloid neoplasm;lichen planus;lichen disease;Histiocytosis;seborrheic dermatitis;atypical chronic myeloid leukemia, BCR-ABL1 negative;juvenile myelomonocytic leukemia;Eczematoid dermatitis;disease recurrence;inclusion body myositis;graft versus host disease;myelodysplastic syndrome;dermatomyositis;acute graft versus host disease;glioblastoma;myeloid neoplasm;primary cutaneous T-cell non-Hodgkin lymphoma;acute lymphoblastic leukemia;adult T-cell leukemia/lymphoma;B-cell chronic lymphocytic leukemia;triple-negative breast carcinoma;HER2 positive breast carcinoma;lung adenocarcinoma;acute leukemia;myelodysplastic/myeloproliferative neoplasm;lymphoma;hematopoietic and lymphoid cell neoplasm;neoplasm;acute lymphoblastic leukemia;myeloproliferative disorder;diffuse large B-cell lymphoma;T-cell acute lymphoblastic leukemia;dermatitis;neuromyelitis optica;malignant atrophic papulosis;severe aplastic anemia;myelofibrosis;myelofibrosis;acquired polycythemia vera;essential thrombocythemia;idiopathic aplastic anemia;non-small cell lung carcinoma;renal cell carcinoma;sickle cell disease;T-cell prolymphocytic leukemia;leukemia;myelodysplastic/myeloproliferative neoplasm;non-Hodgkin lymphoma;B-cell non-Hodgkin lymphoma;T-cell non-Hodgkin lymphoma;histiocytic and dendritic cell neoplasm;paraganglioma;hematopoietic and lymphoid cell neoplasm;myeloid neoplasm;mesothelioma;cutaneous melanoma;pancreatic ductal adenocarcinoma;myeloproliferative disorder;clear cell renal carcinoma;colorectal adenocarcinoma;polycythemia;prostate adenocarcinoma;Aicardi-Goutieres syndrome;Aicardi-Goutières syndrome",APPROVAL,
JAK1,ENSG00000162434,CHEMBL4577523,GOLIDOCITINIB,MONDO_0000430;MONDO_0004964;MONDO_0004977;MONDO_0015540;MONDO_0005233;MONDO_0000430;MONDO_0019473;MONDO_0008433;EFO_0011051;MONDO_0015909;MONDO_0015760;MONDO_0005070;MONDO_0007179,"mature T-cell and NK-cell non-Hodgkin lymphoma;peripheral T-cell lymphoma, not otherwise specified;angioimmunoblastic T-cell lymphoma;hemophagocytic syndrome;non-small cell lung carcinoma;mature T-cell and NK-cell non-Hodgkin lymphoma;enteropathy-associated T-cell lymphoma;small cell lung carcinoma;hematological toxicity;aplastic anemia;T-cell non-Hodgkin lymphoma;neoplasm;autoimmune disease",PHASE_3,
JAK2,ENSG00000096968,CHEMBL4297216,FEDRATINIB HYDROCHLORIDE,EFO_0004251;MONDO_0009692;MONDO_0044903,myeloproliferative disorder;primary myelofibrosis;myelofibrosis,APPROVAL,
JAK2,ENSG00000096968,CHEMBL2107823,GANDOTINIB,MONDO_0007254;MONDO_0020076;MONDO_0005029;MONDO_0009891;MONDO_0044903;MONDO_0009692;MONDO_0020076,breast cancer;myeloproliferative neoplasm;essential thrombocythemia;acquired polycythemia vera;myelofibrosis;primary myelofibrosis;myeloproliferative neoplasm,PHASE_2,
JAK2,ENSG00000096968,CHEMBL3545328,XL-019,MONDO_0009891;MONDO_0044903,acquired polycythemia vera;myelofibrosis,PHASE_3,
JAK2,ENSG00000096968,CHEMBL495727,AT-9283,MONDO_0009693;MONDO_0004967;MONDO_0800305;MONDO_0018881;MONDO_0018874;MONDO_0011996;MONDO_0018908;MONDO_0010643,"plasma cell myeloma;acute lymphoblastic leukemia;myelofibrosis with myeloid metaplasia;myelodysplastic syndrome;acute myeloid leukemia;chronic myelogenous leukemia, BCR-ABL1 positive;non-Hodgkin lymphoma;acute leukemia",PHASE_3,
JAK2,ENSG00000096968,CHEMBL3545215,BMS-911543,MONDO_0044903,myelofibrosis,PHASE_2,
JAK2,ENSG00000096968,CHEMBL5315119,UPADACITINIB HEMIHYDRATE,MONDO_0008383;MONDO_0005101,rheumatoid arthritis;ulcerative colitis,APPROVAL,
JAK2,ENSG00000096968,CHEMBL1944698,ZOTIRACICLIB,MONDO_0016684;MONDO_0018177;MONDO_0016681;MONDO_0004948;MONDO_0004948;MONDO_0005575;MONDO_0007256;MONDO_0021042;MONDO_0002334;MONDO_0005070,anaplastic astrocytoma;glioblastoma;gliosarcoma;B-cell chronic lymphocytic leukemia;B-cell chronic lymphocytic leukemia;colorectal cancer;hepatocellular carcinoma;glioma;hematopoietic and lymphoid system neoplasm;neoplasm,PHASE_1_2,
JAK2,ENSG00000096968,CHEMBL4303389,NS-018,MONDO_0044903;MONDO_0009692;MONDO_0044903;MONDO_0044903;MONDO_0044903,myelofibrosis;primary myelofibrosis;myelofibrosis;myelofibrosis;myelofibrosis,PHASE_2,
JAK2,ENSG00000096968,CHEMBL2103743,TOFACITINIB CITRATE,MONDO_0011849;MONDO_0008383;Orphanet_701;MONDO_0019080;MONDO_0005340,psoriatic arthritis;rheumatoid arthritis;Alopecia universalis;alopecia totalis;alopecia areata,APPROVAL,
JAK2,ENSG00000096968,CHEMBL603469,LESTAURTINIB,MONDO_0015667;MONDO_0004643;MONDO_0004967;EFO_1001494;MONDO_0018874;MONDO_0008315;MONDO_0005083;MONDO_0009693;MONDO_0044903;MONDO_0005029;MONDO_0009891;MONDO_0005072,acute myeloid leukemia by FAB classification;myeloid leukemia;acute lymphoblastic leukemia;psoriasis vulgaris;acute myeloid leukemia;prostate cancer;psoriasis;plasma cell myeloma;myelofibrosis;essential thrombocythemia;acquired polycythemia vera;neuroblastoma,APPROVAL,
JAK2,ENSG00000096968,CHEMBL2035187,PACRITINIB,MONDO_0044903;MONDO_0005070;MONDO_0044903;MONDO_0044903;MONDO_0009692;MONDO_0044903;MONDO_0018906;MONDO_0004948;MONDO_0017604;MONDO_0000432;MONDO_0018876;MONDO_0004952;MONDO_0018881;MONDO_0004967;MONDO_0018874;MONDO_0005575;MONDO_0020076;MONDO_0018881;MONDO_0018874;MONDO_0100096;MONDO_0008315;MONDO_0017844;MONDO_0000607;MONDO_0000430;MONDO_0009691;MONDO_0004977;MONDO_0026777;MONDO_0100280;MONDO_0020311;HP_0001873;MONDO_0002280;MONDO_0005170;MONDO_0009692;MONDO_0004948;MONDO_0007254;MONDO_0020547;MONDO_0006311;MONDO_0005061;MONDO_0018908;MONDO_0004952;MONDO_0005233;MONDO_0016537;MONDO_0026777,myelofibrosis;neoplasm;myelofibrosis;myelofibrosis;primary myelofibrosis;myelofibrosis;follicular lymphoma;B-cell chronic lymphocytic leukemia;marginal zone lymphoma;lymphoplasmacytic lymphoma;mantle cell lymphoma;Hodgkins lymphoma;myelodysplastic syndrome;acute lymphoblastic leukemia;acute myeloid leukemia;colorectal cancer;myeloproliferative neoplasm;myelodysplastic syndrome;acute myeloid leukemia;COVID-19;prostate cancer;Sezary syndrome;primary cutaneous T-cell non-Hodgkin lymphoma;mature T-cell and NK-cell non-Hodgkin lymphoma;mycosis fungoides;angioimmunoblastic T-cell lymphoma;VEXAS syndrome;Waldenstrom macroglobulinemia;chronic myelomonocytic leukemia;Thrombocytopenia;anemia;myeloid neoplasm;primary myelofibrosis;B-cell chronic lymphocytic leukemia;breast cancer;chronic graft versus host disease;myelodysplastic/myeloproliferative neoplasm;lung adenocarcinoma;non-Hodgkin lymphoma;Hodgkins lymphoma;non-small cell lung carcinoma;lymphoproliferative syndrome;VEXAS syndrome,APPROVAL,
JAK2,ENSG00000096968,CHEMBL4298167,FILGOTINIB MALEATE,MONDO_0008383;MP_0001845;MONDO_0007179,rheumatoid arthritis;inflammation;autoimmune disease,APPROVAL,
JAK2,ENSG00000096968,CHEMBL4802163,NEZULCITINIB,MONDO_0100096;MONDO_0015796;MONDO_0100096,COVID-19;acute lung injury;COVID-19,PHASE_2,
JAK2,ENSG00000096968,CHEMBL4594382,DEURUXOLITINIB PHOSPHATE,MONDO_0005340,alopecia areata,APPROVAL,
JAK2,ENSG00000096968,CHEMBL5095049,PACRITINIB CITRATE,MONDO_0009692;MONDO_0009891,primary myelofibrosis;acquired polycythemia vera,APPROVAL,
JAK2,ENSG00000096968,CHEMBL3545241,AC-430,MONDO_0004355,childhood leukemia,PHASE_1,
JAK2,ENSG00000096968,CHEMBL1287853,FEDRATINIB,MONDO_0009891;MONDO_0044903;MONDO_0005070;MONDO_0009692;MONDO_0044903;MONDO_0044903;MONDO_0005029;MONDO_0020076;MONDO_0006311;MONDO_0019451,acquired polycythemia vera;myelofibrosis;neoplasm;primary myelofibrosis;myelofibrosis;myelofibrosis;essential thrombocythemia;myeloproliferative neoplasm;myelodysplastic/myeloproliferative neoplasm;chronic neutrophilic leukemia,APPROVAL,
JAK2,ENSG00000096968,CHEMBL2035185,CT-1578,,,PHASE_1,
JAK2,ENSG00000096968,CHEMBL4297507,DELGOCITINIB,MONDO_0004980;HP_0000964;MONDO_0004980;HP_0000964;MONDO_0002406;EFO_0022959;HP_0000964;MONDO_0007899;MONDO_0004979;MONDO_0005340;MONDO_0005083;MONDO_0019558;EFO_0009855;MONDO_0015597;EFO_0009856;MONDO_0022113,atopic eczema;Eczematoid dermatitis;atopic eczema;Eczematoid dermatitis;dermatitis;hand eczema;Eczematoid dermatitis;lichen sclerosus et atrophicus;asthma;alopecia areata;psoriasis;discoid lupus erythematosus;frontal fibrosing alopecia;palmoplantar pustulosis;lichen planopilaris;central centrifugal cicatricial alopecia,APPROVAL,
JAK2,ENSG00000096968,CHEMBL1231124,AZD-1480,MONDO_0009692;MONDO_0004992;MONDO_0001056;MONDO_0007256;MONDO_0005233,primary myelofibrosis;cancer;gastric cancer;hepatocellular carcinoma;non-small cell lung carcinoma,PHASE_2,
JAK2,ENSG00000096968,CHEMBL6068336,MOMELOTINIB DIHYDROCHLORIDE MONOHYDRATE,MONDO_0044903;HP_0001744;EFO_0004251,myelofibrosis;Splenomegaly;myeloproliferative disorder,APPROVAL,
JAK2,ENSG00000096968,CHEMBL3622821,UPADACITINIB,MONDO_0008383;MONDO_0004980;MONDO_0005101;MONDO_0005011;MONDO_0011849;MONDO_0008538;MONDO_0008383;MONDO_0005306;MONDO_0011849;MONDO_0005101;MONDO_0005011;MONDO_0004980;MONDO_0017991;MONDO_0005306;MONDO_0019434;MONDO_0007915;MONDO_0006559;MONDO_0005340;MONDO_0008661;HP_0002360;HP_0002094;HP_0012378;HP_0002098;HP_0100543;MONDO_0010030;MONDO_0008558;MONDO_0007191;EFO_0009856;MONDO_0005361;MONDO_0019125;MONDO_0011429;HP_0010447;MONDO_0005083;MONDO_0005265;MONDO_0015925;MONDO_0005011,rheumatoid arthritis;atopic eczema;ulcerative colitis;Crohn disease;psoriatic arthritis;temporal arteritis;rheumatoid arthritis;ankylosing spondylitis;psoriatic arthritis;ulcerative colitis;Crohn disease;atopic eczema;Takayasu arteritis;ankylosing spondylitis;systemic-onset juvenile idiopathic arthritis;systemic lupus erythematosus;hidradenitis suppurativa;alopecia areata;vitiligo;Sleep disturbance;Dyspnea;Fatigue;Respiratory distress;Cognitive impairment;Sjogren syndrome;autoimmune thrombocytopenic purpura;Behcet disease;lichen planopilaris;eosinophilic esophagitis;relapsing polychondritis;juvenile idiopathic arthritis;Anal fistula;psoriasis;inflammatory bowel disease;interstitial lung disease;Crohn disease,APPROVAL,
JAK2,ENSG00000096968,CHEMBL1789941,RUXOLITINIB,MONDO_0005029;MONDO_0044903;HP_0000964;EFO_0004251;MONDO_0013730;MONDO_0009891;MONDO_0005070;MONDO_0013730;MONDO_0020547;MONDO_0009831;MONDO_0009692;MONDO_0044903;MONDO_0044903;MONDO_0006047;MONDO_0005192;MONDO_0020546;MONDO_0015540;MONDO_0004980;MONDO_0008661;MONDO_0100096;MONDO_0006502;MONDO_0020546;MONDO_0015545;EFO_0022959;MONDO_0026045;MONDO_0006559;MONDO_0000872;MONDO_0020511;MONDO_0004963;MONDO_0000814;MONDO_0044917;MONDO_0020511;MONDO_0003539;MONDO_0004967;MONDO_0004967;MONDO_0100096;MONDO_0015691;MONDO_0008383;EFO_1001494;MONDO_0008315;MONDO_0009693;MONDO_0018874;MONDO_0000873;MONDO_0006047;MONDO_0007254;MONDO_0018874;MONDO_0009348;MONDO_0005340;MONDO_0004952;MONDO_0005062;MONDO_0000984;HP_0004326;MONDO_0004992;MONDO_0005233;MONDO_0005575;MONDO_0015540;MONDO_0006804;MONDO_0002280;MONDO_0009691;MONDO_0000430;MONDO_0019469;MONDO_0010150;MONDO_0018881;MONDO_0011996;MONDO_0015265;MONDO_0006572;MONDO_0020311;MONDO_0000430;MONDO_0019471;MONDO_0004952;MONDO_0020076;MONDO_0020076;MONDO_0005091;MONDO_0006583;MONDO_0004992;EFO_1001927;MONDO_0019558;MONDO_0015265;MONDO_0004947;MONDO_0004496;MONDO_0009411;MONDO_0020547;MONDO_0005170;MONDO_0006572;MONDO_0006570;HP_0100727;MONDO_0006608;MONDO_0004653;MONDO_0011908;HP_0000964;EFO_0004952;MONDO_0007827;MONDO_0013730;MONDO_0018881;MONDO_0016367;MONDO_0020546;MONDO_0018177;MONDO_0005170;MONDO_0000607;MONDO_0004967;MONDO_0019471;MONDO_0004948;MONDO_0005494;MONDO_0006244;MONDO_0005061;MONDO_0010643;MONDO_0006311;MONDO_0005062;MONDO_0044881;MONDO_0005070;MONDO_0004967;EFO_0004251;MONDO_0018905;MONDO_0004963;MONDO_0002406;MONDO_0019100;MONDO_0011208;EFO_0006927;MONDO_0044903;MONDO_0044903;MONDO_0009891;MONDO_0005029;MONDO_0012197;MONDO_0005233;MONDO_0005086;MONDO_0011382;MONDO_0019468;MONDO_0005059;MONDO_0006311;MONDO_0018908;MONDO_0015759;MONDO_0015760;MONDO_0006247;MONDO_0000448;MONDO_0044881;MONDO_0005170;MONDO_0005065;MONDO_0005012;MONDO_0005184;EFO_0004251;MONDO_0005005;MONDO_0005008;MONDO_0005571;MONDO_0005082;MONDO_0018866;Orphanet_51,"essential thrombocythemia;myelofibrosis;Eczematoid dermatitis;myeloproliferative disorder;graft versus host disease;acquired polycythemia vera;neoplasm;graft versus host disease;chronic graft versus host disease;malignant pancreatic neoplasm;primary myelofibrosis;myelofibrosis;myelofibrosis;pancreatic adenocarcinoma;exocrine pancreatic carcinoma;acute graft versus host disease;hemophagocytic syndrome;atopic eczema;vitiligo;COVID-19;acute respiratory distress syndrome;acute graft versus host disease;macrophage activation syndrome;hand eczema;prurigo nodularis;hidradenitis suppurativa;B-cell childhood acute lymphoblastic leukemia;precursor B-cell acute lymphoblastic leukemia;T-cell acute lymphoblastic leukemia;B-cell adult acute lymphocytic leukemia;T-lymphoblastic lymphoma;precursor B-cell acute lymphoblastic leukemia;T-cell adult acute lymphocytic leukemia;acute lymphoblastic leukemia;acute lymphoblastic leukemia;COVID-19;hypereosinophilic syndrome;rheumatoid arthritis;psoriasis vulgaris;prostate cancer;plasma cell myeloma;acute myeloid leukemia;lymphoblastic lymphoma;pancreatic adenocarcinoma;breast cancer;acute myeloid leukemia;classic Hodgkin lymphoma;alopecia areata;Hodgkins lymphoma;lymphoma;thalassemia;Cachexia;cancer;non-small cell lung carcinoma;colorectal cancer;hemophagocytic syndrome;inflammatory breast carcinoma;anemia;mycosis fungoides;mature T-cell and NK-cell non-Hodgkin lymphoma;T-cell large granular lymphocyte leukemia;head and neck squamous cell carcinoma;myelodysplastic syndrome;chronic myelogenous leukemia, BCR-ABL1 positive;bronchiolitis obliterans syndrome;lichen planus;chronic myelomonocytic leukemia;mature T-cell and NK-cell non-Hodgkin lymphoma;adult T-cell leukemia/lymphoma;Hodgkins lymphoma;myeloproliferative neoplasm;myeloproliferative neoplasm;severe acute respiratory syndrome;necrobiosis lipoidica;cancer;cutaneous squamous cell carcinoma;discoid lupus erythematosus;bronchiolitis obliterans syndrome;B-cell acute lymphoblastic leukemia;myocarditis;autoimmune polyendocrine syndrome type 1;chronic graft versus host disease;myeloid neoplasm;lichen planus;lichen disease;Histiocytosis;seborrheic dermatitis;atypical chronic myeloid leukemia, BCR-ABL1 negative;juvenile myelomonocytic leukemia;Eczematoid dermatitis;disease recurrence;inclusion body myositis;graft versus host disease;myelodysplastic syndrome;dermatomyositis;acute graft versus host disease;glioblastoma;myeloid neoplasm;primary cutaneous T-cell non-Hodgkin lymphoma;acute lymphoblastic leukemia;adult T-cell leukemia/lymphoma;B-cell chronic lymphocytic leukemia;triple-negative breast carcinoma;HER2 positive breast carcinoma;lung adenocarcinoma;acute leukemia;myelodysplastic/myeloproliferative neoplasm;lymphoma;hematopoietic and lymphoid cell neoplasm;neoplasm;acute lymphoblastic leukemia;myeloproliferative disorder;diffuse large B-cell lymphoma;T-cell acute lymphoblastic leukemia;dermatitis;neuromyelitis optica;malignant atrophic papulosis;severe aplastic anemia;myelofibrosis;myelofibrosis;acquired polycythemia vera;essential thrombocythemia;idiopathic aplastic anemia;non-small cell lung carcinoma;renal cell carcinoma;sickle cell disease;T-cell prolymphocytic leukemia;leukemia;myelodysplastic/myeloproliferative neoplasm;non-Hodgkin lymphoma;B-cell non-Hodgkin lymphoma;T-cell non-Hodgkin lymphoma;histiocytic and dendritic cell neoplasm;paraganglioma;hematopoietic and lymphoid cell neoplasm;myeloid neoplasm;mesothelioma;cutaneous melanoma;pancreatic ductal adenocarcinoma;myeloproliferative disorder;clear cell renal carcinoma;colorectal adenocarcinoma;polycythemia;prostate adenocarcinoma;Aicardi-Goutieres syndrome;Aicardi-Goutières syndrome",APPROVAL,
JAK2,ENSG00000096968,CHEMBL1795071,RUXOLITINIB PHOSPHATE,MONDO_0013730;MONDO_0008661;MONDO_0044903;MONDO_0009692;MONDO_0009891;MONDO_0005029;EFO_1001494;MONDO_0018905;MONDO_0000430;MONDO_0002280;MONDO_0004653;MONDO_0018881;MONDO_0020076;MONDO_0020311;MONDO_0019451;MONDO_0004967;MONDO_0005340;MONDO_0004948;MONDO_0004948;MONDO_0018874;MONDO_0002158;MONDO_0015686;MONDO_0005140;MONDO_0018364;MONDO_0013730;MONDO_0011962;MONDO_0004980,"graft versus host disease;vitiligo;myelofibrosis;primary myelofibrosis;acquired polycythemia vera;essential thrombocythemia;psoriasis vulgaris;diffuse large B-cell lymphoma;mature T-cell and NK-cell non-Hodgkin lymphoma;anemia;atypical chronic myeloid leukemia, BCR-ABL1 negative;myelodysplastic syndrome;myeloproliferative neoplasm;chronic myelomonocytic leukemia;chronic neutrophilic leukemia;acute lymphoblastic leukemia;alopecia areata;B-cell chronic lymphocytic leukemia;B-cell chronic lymphocytic leukemia;acute myeloid leukemia;fallopian tube cancer;primary peritoneal carcinoma;ovarian carcinoma;malignant epithelial tumor of ovary;graft versus host disease;endometrial cancer;atopic eczema",APPROVAL,
JAK2,ENSG00000096968,CHEMBL4594275,GUSACITINIB,MONDO_0004980;HP_0000964;MONDO_0004980;EFO_0022959;MONDO_0020804;MONDO_0005062;MONDO_0000430;MONDO_0004948;MONDO_0018876;MONDO_0018905;MONDO_0044903;MONDO_0018906;MONDO_0007187;MONDO_0004670;MONDO_0007915;MONDO_0007915;HP_0011123;MONDO_0002334;MONDO_0007179,atopic eczema;Eczematoid dermatitis;atopic eczema;hand eczema;basal cell carcinoma;lymphoma;mature T-cell and NK-cell non-Hodgkin lymphoma;B-cell chronic lymphocytic leukemia;mantle cell lymphoma;diffuse large B-cell lymphoma;myelofibrosis;follicular lymphoma;nevoid basal cell carcinoma syndrome;lupus erythematosus;systemic lupus erythematosus;systemic lupus erythematosus;Inflammatory abnormality of the skin;hematopoietic and lymphoid system neoplasm;autoimmune disease,PHASE_2,
JAK2,ENSG00000096968,CHEMBL3137308,PEFICITINIB,EFO_1001494;MONDO_0008383;EFO_1001494;MONDO_0005101,psoriasis vulgaris;rheumatoid arthritis;psoriasis vulgaris;ulcerative colitis,PHASE_3,
JAK2,ENSG00000096968,CHEMBL2105759,BARICITINIB,MONDO_0011429;MONDO_0004980;MONDO_0008383;MONDO_0008054;MONDO_0100096;MONDO_0007915;MONDO_0018456;MONDO_0019437;MONDO_0019436;EFO_0009746;MONDO_0005340;MONDO_0019434;MONDO_0005812;MONDO_0100163;MONDO_0100096;MONDO_0006502;MONDO_0005015;MONDO_0016367;MONDO_0005556;MONDO_0017634;MONDO_0004975;HP_0100543;HP_0003546;HP_0002094;MONDO_0005100;MONDO_0005147;MONDO_0019735;MONDO_0005502;MONDO_0018866;MONDO_0009726;MONDO_0009726;Orphanet_51;MONDO_0014405;MONDO_0005249;EFO_1001494;MONDO_0005016;HP_0000964;MONDO_0004980;MONDO_0008538;MONDO_0005388;MONDO_0018866;HP_0001298;Orphanet_51;MONDO_0600023;MONDO_0005249;MONDO_0005147;MONDO_0008661;EFO_0006835;MONDO_0010030;MONDO_0006572;MONDO_0005300;MONDO_0100313;MONDO_0021167;MONDO_0008558;EFO_0007948;MONDO_0002050;MONDO_0006849;MONDO_0005016;EFO_0008517;HP_0100806;MONDO_0005099;MONDO_0018902;MONDO_0017991;MONDO_0015796;MONDO_0001314;HP_0001369;MONDO_0001707;MONDO_0011208;MONDO_0002009;EFO_0000180;MONDO_0020547;MONDO_0004976;MONDO_0019100;Orphanet_2314;MONDO_0002459;GO_0001806;MONDO_0005083;MONDO_0021113;MONDO_0017287;MONDO_0018866;Orphanet_51;MONDO_0015925,juvenile idiopathic arthritis;atopic eczema;rheumatoid arthritis;juvenile dermatomyositis;COVID-19;systemic lupus erythematosus;polyarticular juvenile idiopathic arthritis;enthesitis-related juvenile idiopathic arthritis;psoriasis-related juvenile idiopathic arthritis;extended oligoarticular juvenile idiopathic arthritis;alopecia areata;systemic-onset juvenile idiopathic arthritis;influenza;COVID-19–associated multisystem inflammatory syndrome in children;COVID-19;acute respiratory distress syndrome;diabetes mellitus;dermatomyositis;lupus nephritis;non-infectious anterior uveitis;Alzheimer disease;Cognitive impairment;Exercise intolerance;Dyspnea;systemic sclerosis;type 1 diabetes mellitus;polymyalgia rheumatica;dengue disease;Aicardi-Goutieres syndrome;proteosome-associated autoinflammatory syndrome;proteosome-associated autoinflammatory syndrome;Aicardi-Goutières syndrome;STING-associated vasculopathy with onset in infancy;pneumonia;psoriasis vulgaris;diabetic kidney disease;Eczematoid dermatitis;atopic eczema;temporal arteritis;primary biliary cholangitis;Aicardi-Goutieres syndrome;Encephalopathy;Aicardi-Goutières syndrome;idiopathic inflammatory myopathy;pneumonia;type 1 diabetes mellitus;vitiligo;pyoderma gangrenosum;Sjogren syndrome;lichen planus;chronic kidney disease;focal segmental glomerulosclerosis;myositis disease;autoimmune thrombocytopenic purpura;HIV-associated neurocognitive disorder;depressive disorder;mastitis;diabetic kidney disease;oral lichen planus;Sepsis;subarachnoid hemorrhage;hepatocellular adenoma;Takayasu arteritis;acute lung injury;chondrocalcinosis;Arthritis;cardiac sarcoidosis;malignant atrophic papulosis;major depressive disorder;HIV-1 infection;chronic graft versus host disease;amyotrophic lateral sclerosis;neuromyelitis optica;Autosomal dominant hyper-IgE syndrome;type IV hypersensitivity disease;type IV hypersensitivity;psoriasis;respiratory failure;immunoglobulin G4-related sclerosing disease;Aicardi-Goutieres syndrome;Aicardi-Goutières syndrome;interstitial lung disease,APPROVAL,
JAK2,ENSG00000096968,CHEMBL1078178,MOMELOTINIB,MONDO_0044903;MONDO_0005070;MONDO_0044903;MONDO_0044903;MONDO_0009692;MONDO_0005184;MONDO_0026777;MONDO_0009891;HP_0001894;MONDO_0019111;MONDO_0005029;MONDO_0018881;MONDO_0018874;MONDO_0005233;MONDO_0006311;MONDO_0019451;MONDO_0020311,myelofibrosis;neoplasm;myelofibrosis;myelofibrosis;primary myelofibrosis;pancreatic ductal adenocarcinoma;VEXAS syndrome;acquired polycythemia vera;Thrombocytosis;familial thrombocytosis;essential thrombocythemia;myelodysplastic syndrome;acute myeloid leukemia;non-small cell lung carcinoma;myelodysplastic/myeloproliferative neoplasm;chronic neutrophilic leukemia;chronic myelomonocytic leukemia,APPROVAL,
JAK2,ENSG00000096968,CHEMBL4650343,IZENCITINIB,MONDO_0005101;MONDO_0005011;MONDO_0005011,ulcerative colitis;Crohn disease;Crohn disease,PHASE_2_3,
JAK2,ENSG00000096968,CHEMBL221959,TOFACITINIB,MONDO_0008383;MONDO_0008383;EFO_1001494;MONDO_0005101;MONDO_0011849;MONDO_0019434;MONDO_0019437;MONDO_0011429;MONDO_0005083;MONDO_0005306;MONDO_0006502;MONDO_0100096;MONDO_0012105;MONDO_0018177;MONDO_0017991;MONDO_0019735;MONDO_0019080;Orphanet_701;MONDO_0005340;MONDO_0018456;MONDO_0015597;MONDO_0005306;MONDO_0005446;MONDO_0005011;MONDO_0005083;MONDO_0004980;MONDO_0001718;MONDO_0020283;MP_0001845;MONDO_0021113;MONDO_0005249;MONDO_0005312;MONDO_0010030;MONDO_0015925;MONDO_0018905;MONDO_0016367;MONDO_0021167;EFO_0009659;MONDO_0005100;MONDO_0004496;MONDO_0000607;MONDO_0004967;MONDO_0008608;MONDO_0005282;MONDO_0007915;MONDO_0002009;MONDO_0010030;MONDO_0018305;MONDO_0005265;EFO_1001494;MONDO_0019338;MONDO_0001708;MONDO_0019338;MONDO_0006554;MONDO_0006047;MONDO_0008661;MONDO_0019558;MONDO_0009688;MONDO_0019810;MONDO_0004976;EFO_0008532;MONDO_0015492;MONDO_0005095;MONDO_0017287;MONDO_0019436;MONDO_0026045;EFO_0009855;EFO_0009856;MONDO_0018229;HP_0001369;MONDO_0008523;MONDO_0006559;MONDO_0004907,rheumatoid arthritis;rheumatoid arthritis;psoriasis vulgaris;ulcerative colitis;psoriatic arthritis;systemic-onset juvenile idiopathic arthritis;enthesitis-related juvenile idiopathic arthritis;juvenile idiopathic arthritis;psoriasis;ankylosing spondylitis;acute respiratory distress syndrome;COVID-19;granulomatosis with polyangiitis;glioblastoma;Takayasu arteritis;polymyalgia rheumatica;alopecia totalis;Alopecia universalis;alopecia areata;polyarticular juvenile idiopathic arthritis;palmoplantar pustulosis;ankylosing spondylitis;cutaneous leishmaniasis;Crohn disease;psoriasis;atopic eczema;scleritis;uveitis;inflammation;respiratory failure;pneumonia;pouchitis;Sjogren syndrome;interstitial lung disease;diffuse large B-cell lymphoma;dermatomyositis;myositis disease;aneurysm;systemic sclerosis;myocarditis;primary cutaneous T-cell non-Hodgkin lymphoma;acute lymphoblastic leukemia;Down syndrome;cutaneous lupus erythematosus;systemic lupus erythematosus;major depressive disorder;Sjogren syndrome;chronic granulomatous disease;inflammatory bowel disease;psoriasis vulgaris;sarcoidosis;pulmonary sarcoidosis;sarcoidosis;granuloma annulare;pancreatic adenocarcinoma;vitiligo;discoid lupus erythematosus;myasthenia gravis;toxic epidermal necrolysis;amyotrophic lateral sclerosis;clinically amyopathic dermatomyositis;anti-neutrophil cytoplasmic antibody-associated vasculitis;spondyloarthropathy;immunoglobulin G4-related sclerosing disease;psoriasis-related juvenile idiopathic arthritis;prurigo nodularis;frontal fibrosing alopecia;lichen planopilaris;Stevens-Johnson syndrome;Arthritis;Blau syndrome;hidradenitis suppurativa;alopecia,APPROVAL,
JAK2,ENSG00000096968,CHEMBL3301607,FILGOTINIB,MONDO_0008383;MONDO_0008383;MONDO_0005101;MONDO_0005011;MONDO_0011849;MONDO_0005306;MONDO_0005095;MONDO_0011429;MONDO_0005011;MONDO_0005282;MONDO_0010030;MONDO_0005265;MONDO_0020283;MONDO_0007915;MONDO_0005240;MONDO_0600023;MONDO_0007191;MONDO_0017287,rheumatoid arthritis;rheumatoid arthritis;ulcerative colitis;Crohn disease;psoriatic arthritis;ankylosing spondylitis;spondyloarthropathy;juvenile idiopathic arthritis;Crohn disease;cutaneous lupus erythematosus;Sjogren syndrome;inflammatory bowel disease;uveitis;systemic lupus erythematosus;kidney disorder;idiopathic inflammatory myopathy;Behcet disease;immunoglobulin G4-related sclerosing disease,APPROVAL,
