drug,approved,odds_ratio,pvalue,adj_pvalue,pvalue_up,adj_pvalue_up,pvalue_down,adj_pvalue_down,count_significant,count_insignificant,count_up_significant
bortezomib,True,0.018104470556514724,0.9999999228701942,1,1.379297999661127e-24,7.347520444194823e-21,1.0000000000993325,1,79,16943,79
sirolimus,True,0.03171434853883512,0.9999999982042552,1,8.301961587300555e-10,1.4741516458516686e-06,0.9999999999906444,1,30,3784,30
vorinostat,True,0.014853498286153273,0.9999999623104824,1,5.711339584939153e-08,5.0707176614951445e-05,0.9999999999920491,1,24,6464,24
mitoxantrone,True,0.021034179489989202,0.9999999972979966,1,3.649803736054475e-06,0.002160278277995799,1.0000000000016414,1,18,3462,18
selumetinib,True,0.029228379748819894,1.0000000137246545,1,1.4458160376758068e-05,0.006418218360582519,1.0000000000014484,1,16,2226,16
gefitinib,True,0.0304620798643056,1.0000000188724891,1,2.8962402925800216e-05,0.011073493991006267,1.0000000000001696,1,15,2007,15
ibrutinib,True,0.027643653769281903,1.0000000152660984,1,2.9102480922486903e-05,0.011073493991006267,0.9999999999953133,1,15,2211,15
TUL,True,0.23849629650400803,0.9999999887080662,1,4.17990916627283e-05,0.014844250752490244,1.0000000000000522,1,14,240,14
idelalisib,True,0.04631865634425954,1.000000018858774,1,5.6704510503763805e-05,0.015779533913431048,0.9999999999993573,1,14,1236,14
pazopanib,True,0.03941790770355654,1.0000000319355953,1,5.732853738277141e-05,0.015779533913431048,1.000000000005224,1,14,1452,14
fostamatinib,True,0.031641696224979005,1.0000000247153058,1,5.8039953349657536e-05,0.015779533913431048,1.0000000000052855,1,14,1808,14
afatinib,True,0.024493012686164047,1.0000000102760422,1,5.87017362761631e-05,0.015779533913431048,1.0000000000011393,1,14,2334,14
everolimus,True,0.04460569707245735,1.0000000158996085,1,0.00011436000002017082,0.02850141394204471,1.0000000000003206,1,13,1195,13
dasatinib,True,0.022907620172386997,0.9999999882833279,1,0.00013258625917790374,0.03070813054959536,0.9999927077112456,1,17,3009,16
temozolomide,True,0.04299452190878965,1.0000000155353623,1,0.00023050606703862428,0.04086425582437103,0.9999999999989305,1,12,1148,12
cabozantinib,True,0.033609514382931215,1.0000000331625034,1,0.0002334108295123127,0.04086425582437103,1.000000000001534,1,12,1468,12
trametinib,True,0.032035218208133494,1.0000000310077433,1,0.00023390165888664195,0.04086425582437103,0.9999999999958035,1,12,1540,12
erlotinib,True,0.021846827781671872,1.0000000170945111,1,0.00023710318582465128,0.04086425582437103,0.999999999997287,1,12,2256,12
glibenclamide,True,0.0606480549730185,1.0000000106619729,1,0.0004537321085165141,0.06854270504437258,0.9999999999994136,1,11,749,11
vandetanib,True,0.03355350764057967,1.0000000212757203,1,0.00046883729109772264,0.06854270504437258,1.000000000003319,1,11,1353,11
troglitazone,True,0.02086908202236113,1.0000000166766787,1,0.0004760803616748236,0.06854270504437258,1.000000000001998,1,11,2173,11
balsalazide,True,0.10265564026299402,0.9999999960196888,1,0.0008737377439902802,0.09610038756201476,0.9999999999999761,1,10,404,10
AZD-5363,True,0.04890590267945839,1.0000000072676885,1,0.0009261191504193414,0.09610038756201476,0.9999999999995449,1,10,848,10
dexamethasone,True,0.0448804142664544,1.0000000113080065,1,0.0009301658958594691,0.09610038756201476,0.9999999999992919,1,10,924,10
valproic-acid,True,0.03846303943495331,1.0000000146308354,1,0.0009366536771145713,0.09610038756201476,0.9999999999979995,1,10,1078,10
nicotinamide,True,0.10336065948356414,0.9999999966498501,1,0.0017689474455745316,0.1502877063517061,0.9999999999997801,1,9,363,9
imatinib,True,0.02235340524282912,1.0000000269852967,1,0.0019116563355013336,0.1502877063517061,1.0000000000004625,1,9,1677,9
fulvestrant,True,0.021755297388179815,1.0000000246400949,1,0.001912751617664873,0.1502877063517061,0.9999999999981757,1,9,1723,9
amodiaquine,True,0.11415946170916452,0.9999999913084788,1,0.0035519312652527724,0.2115250673653454,0.999999999999964,1,8,294,8
efavirenz,True,0.0902444129108539,0.9999999959440646,1,0.003623372158916335,0.2115250673653454,1.000000000000176,1,8,372,8
ketotifen,True,0.07955865677202446,0.999999997022653,1,0.003655753662936563,0.2115250673653454,1.0000000000006546,1,8,422,8
etodolac,True,0.07330801381360777,0.9999999997322618,1,0.003674828604234659,0.2115250673653454,0.9999999999999543,1,8,458,8
gatifloxacin,True,0.03633133456152344,1.0000000130350946,1,0.0037897152001668,0.2115250673653454,1.0000000000007285,1,8,924,8
GDC-0199,True,0.030183259530089452,1.0000000166945215,1,0.003809161592490769,0.2115250673653454,1.0000000000005296,1,8,1112,8
trifluoperazine,True,0.024313955476523163,1.0000000353544507,1,0.0038278191615183834,0.2115250673653454,0.9999999999995931,1,8,1380,8
estradiol,True,0.02427870892037303,1.0000000330456666,1,0.003827931479801315,0.2115250673653454,0.9999999999990206,1,8,1382,8
raloxifene,True,0.023234476318280316,1.0000000329476744,1,0.003831260572599224,0.2115250673653454,0.9999999999997804,1,8,1444,8
olaparib,True,0.016847413912768044,1.0000000210496314,1,0.0038516860398795766,0.2115250673653454,1.0000000000033948,1,8,1990,8
copanlisib,True,0.15994246456170536,0.9999999900250162,1,0.0069761364802936685,0.298219481005509,1.0000000000000393,1,7,185,7
armodafinil,True,0.12705438950905668,0.999999987920404,1,0.007140466550296092,0.298219481005509,0.9999999999997392,1,7,233,7
fosfomycin,True,0.09709986615914014,0.9999999935619552,1,0.007293476159710952,0.298219481005509,0.9999999999998107,1,7,305,7
nebivolol,True,0.09342827497688003,0.9999999953545639,1,0.00731245349755727,0.298219481005509,0.9999999999996815,1,7,317,7
tetracaine,True,0.09057415002476689,0.999999995086641,1,0.0073272394976442385,0.298219481005509,0.9999999999998749,1,7,327,7
venlafaxine,True,0.07941364268189878,0.9999999959440646,1,0.007385343252872496,0.298219481005509,1.0000000000003129,1,7,373,7
levothyroxine,True,0.07207609110062171,0.9999999979227614,1,0.007423793454518211,0.298219481005509,1.0000000000002678,1,7,411,7
labetalol,True,0.0693768477488389,0.9999999957256054,1,0.007437988084800957,0.298219481005509,1.0000000000000142,1,7,427,7
mestranol,True,0.06343706892927406,1.0000000024595304,1,0.0074693190837354945,0.298219481005509,0.9999999999990371,1,7,467,7
spironolactone,True,0.053188952782065195,1.000000000290942,1,0.0075236849321814615,0.298219481005509,1.0000000000000093,1,7,557,7
enzalutamide,True,0.05047065814443675,0.999999999601885,1,0.007538171418325775,0.298219481005509,1.0000000000006302,1,7,587,7
belinostat,True,0.03862349780193882,1.0000000129489017,1,0.007601633344858614,0.298219481005509,0.999999999999089,1,7,767,7
anagrelide,True,0.03317062181889206,1.000000009512467,1,0.007631021673963131,0.298219481005509,1.0000000000004166,1,7,893,7
lorazepam,True,0.030316345728874414,1.000000011038078,1,0.007646449996110211,0.298219481005509,1.0000000000010802,1,7,977,7
daunorubicin,True,0.023937539779167814,1.0000000156061486,1,0.007681042217029198,0.298219481005509,1.0000000000002602,1,7,1237,7
palbociclib,True,0.01969465720002438,1.0000000327080811,1,0.007704137821792914,0.298219481005509,1.0000000000006057,1,7,1503,7
lapatinib,True,0.015864312126555834,1.0000000240487366,1,0.0077250473914406495,0.298219481005509,0.9999999999975556,1,7,1865,7
crizotinib,True,0.015762632471708126,1.0000000238995388,1,0.007725603224847051,0.298219481005509,1.0000000000013167,1,7,1877,7
dinoprostone,True,0.19407774016814686,0.9999999753455626,1,0.01395215532749396,0.39397143202052304,1.000000000000158,1,6,132,6
cobicistat,True,0.15824091281084643,0.9999999892026384,1,0.01424702185144823,0.39397143202052304,1.0000000000001261,1,6,162,6
amcinonide,True,0.08226683881336953,0.9999999927524321,1,0.014892680648917309,0.39397143202052304,0.9999999999996271,1,6,312,6
phenylephrine,True,0.07170605400386439,0.9999999989124967,1,0.014984699466166774,0.39397143202052304,1.0000000000000961,1,6,358,6
metolazone,True,0.07130802647531462,0.9999999944062234,1,0.014988178616267488,0.39397143202052304,1.000000000000394,1,6,360,6
aliskiren,True,0.07052507520516323,0.9999999965006072,1,0.014995024721622983,0.39397143202052304,0.9999999999998429,1,6,364,6
fingolimod,True,0.06386318113696209,0.9999999961905445,1,0.015053402150178504,0.39397143202052304,1.0000000000001374,1,6,402,6
sitagliptin,True,0.06323438321170559,0.9999999950344578,1,0.01505892390281567,0.39397143202052304,0.9999999999999001,1,6,406,6
bicalutamide,True,0.06055143800058462,0.999999997022653,1,0.015082506692930204,0.39397143202052304,1.0000000000007339,1,6,424,6
felbamate,True,0.057309171992942345,1.0000000003251075,1,0.015111054918448354,0.39397143202052304,0.9999999999990776,1,6,448,6
hydroxyurea,True,0.05509640363242121,1.0000000001758524,1,0.01513056927883796,0.39397143202052304,0.9999999999998656,1,6,466,6
levetiracetam,True,0.05393932468909169,1.0000000014177444,1,0.015140783526182535,0.39397143202052304,1.0000000000003513,1,6,476,6
clonidine,True,0.05074222304804596,1.0000000048458983,1,0.015169042029074849,0.39397143202052304,0.9999999999997533,1,6,506,6
roflumilast,True,0.048082059025917355,1.0000000029151161,1,0.015192594697123175,0.39397143202052304,1.000000000000858,1,6,534,6
riluzole,True,0.046014214426032755,1.000000000290942,1,0.015210928232456502,0.39397143202052304,0.9999999999999895,1,6,558,6
cimetidine,True,0.04584988749492388,1.0000000027357683,1,0.015212386102322846,0.39397143202052304,0.9999999999998408,1,6,560,6
benazepril,True,0.04457631814853278,1.0000000015061856,1,0.01522368963286579,0.39397143202052304,1.0000000000005977,1,6,576,6
testosterone,True,0.04411676732107427,0.9999999998970732,1,0.015227770418864696,0.39397143202052304,1.0000000000000822,1,6,582,6
caffeine,True,0.04195406485552466,1.0000000009144174,1,0.01524698974229719,0.39397143202052304,1.000000000000673,1,6,612,6
estrone,True,0.038667972170222525,1.0000000006972767,1,0.015276238612881932,0.39397143202052304,0.9999999999998314,1,6,664,6
docetaxel,True,0.038436370792885484,0.9999999993889918,1,0.015278302160759741,0.39397143202052304,0.9999999999996221,1,6,668,6
CYT-387,True,0.033517220990678886,1.0000000107459084,1,0.01532219706798862,0.39397143202052304,0.9999999999988123,1,6,766,6
midostaurin,True,0.033170616688466784,1.00000001056537,1,0.015325294651561598,0.39397143202052304,0.9999999999996884,1,6,774,6
paclitaxel,True,0.024728457302521607,1.0000000119585812,1,0.015400935010162124,0.39397143202052304,1.000000000001163,1,6,1038,6
nilotinib,True,0.020966401810913703,1.0000000163349005,1,0.01543476231738381,0.39397143202052304,0.9999999999991903,1,6,1224,6
diphenylpyraline,True,0.12540426200120627,0.9999999888654482,1,0.029499596448761264,0.4971541310606035,1.000000000000391,1,5,173,5
dutasteride,True,0.0973423468108986,0.999999985992159,1,0.029882525697504988,0.4971541310606035,1.0000000000000058,1,5,223,5
granisetron,True,0.08383369769500944,0.9999999866550469,1,0.030068615882161517,0.4971541310606035,0.9999999999995324,1,5,259,5
phenelzine,True,0.07896306558788908,0.9999999873282033,1,0.030135993685551424,0.4971541310606035,1.0000000000002007,1,5,275,5
acyclovir,True,0.0761961456408713,0.9999999864863117,1,0.03017433659260519,0.4971541310606035,1.0000000000003206,1,5,285,5
aminoglutethimide,True,0.07462711693678195,0.9999999867703113,1,0.030196101116450463,0.4971541310606035,1.000000000000143,1,5,291,5
bupivacaine,True,0.07167517166483792,0.9999999910397526,1,0.030237090831425527,0.4971541310606035,1.0000000000001248,1,5,303,5
flecainide,True,0.07167517166483792,0.9999999910397526,1,0.030237090831425527,0.4971541310606035,1.0000000000001248,1,5,303,5
isoniazid,True,0.07120572701302576,0.999999994222007,1,0.030243614475601498,0.4971541310606035,0.9999999999997417,1,5,305,5
anastrozole,True,0.07074238895831035,0.9999999935619552,1,0.030250054631156008,0.4971541310606035,0.9999999999998078,1,5,307,5
triptorelin,True,0.07074238895831035,0.9999999935619552,1,0.030250054631156008,0.4971541310606035,0.9999999999998078,1,5,307,5
milnacipran,True,0.06601690327433114,0.999999995086641,1,0.030315814303726266,0.4971541310606035,0.9999999999999382,1,5,329,5
lenvatinib,True,0.06561841517675165,0.9999999969516675,1,0.03032136614225649,0.4971541310606035,0.9999999999998995,1,5,331,5
sumatriptan,True,0.06407141278320301,0.9999999952880325,1,0.03034292896045026,0.4971541310606035,1.000000000000158,1,5,339,5
diphenidol,True,0.06369598723894139,0.9999999978853054,1,0.030348164110370952,0.4971541310606035,1.0000000000002442,1,5,341,5
mercaptopurine,True,0.06369598723894139,0.9999999978853054,1,0.030348164110370952,0.4971541310606035,1.0000000000002442,1,5,341,5
alprostadil,True,0.06050513118750498,0.9999999989124967,1,0.030392695527432022,0.4971541310606035,1.0000000000002933,1,5,359,5
buspirone,True,0.057925631636528724,0.9999999959440646,1,0.030428742397642147,0.4971541310606035,1.0000000000006226,1,5,375,5
diazoxide,True,0.055842412567198886,0.9999999974257441,1,0.030457885112219068,0.4971541310606035,0.9999999999998839,1,5,389,5
